County,Crop,2005,2006,2007,2008,2009,2010,2011,2012,2013,2014,2015,2016,2017,2018,2019,2020,2021,2022
00 Riket,Höstvete,295090,317400,322990,311470,326330,330760,349500,283440,208890,379450,394450,374380,407570,292530,422160,401170,436330,417760
,Vårvete,59030,42750,37530,49070,47710,66370,65560,82930,114440,74030,63100,74770,64300,79970,47330,48000,42800,43810
,Råg,21300,23140,24660,27510,36620,24140,23920,22010,25020,26910,23530,16600,21310,19580,32750,30570,25320,20760
,Höstkorn,5360,5660,8270,10350,18160,17530,14180,9130,13580,13350,15560,19090,19180,14450,20540,20420,22590,21170
,Vårkorn,366220,301270,312650,389010,343590,292760,308840,359900,374140,315740,303270,299830,290100,346360,271220,272240,247910,253630
,Havre,192740,196720,203470,222530,186110,158260,175560,191310,195010,159570,161420,173340,150580,141270,141130,178120,166750,153760
,Rågvete,50120,54800,53550,48900,53190,35910,24020,23710,22910,38170,.,.,.,.,.,.,29710,28640
,Höstrågvete,..,..,..,.,.,.,.,.,.,.,38530,27500,25170,15970,27140,26530,28180,26930
,Vårrågvete,..,..,..,.,.,.,.,.,.,.,3450,2650,1780,1130,850,1280,1530,1710
,Blandsäd,23420,20100,18700,18890,19450,22980,22720,17910,19150,15470,14670,14810,11920,9740,12310,13160,10190,12170
,Majs,..,..,1570,950,1290,1340,2090,2360,1270,950,1330,1710,1190,1110,1620,1850,1740,1770
,Spannmål totalt,..,..,..,..,.,.,.,.,.,.,.,.,.,922100,977050,993340,983340,953470
,Ärter,24160,19320,13340,10710,16300,22600,15890,12850,12210,14450,22390,25170,23860,21670,20490,21890,22040,23810
,Åkerbönor,6430,6120,5360,6280,7970,13050,15920,17930,17460,18840,25010,29540,30490,26290,18190,19640,20240,22160
,Höstraps,34970,47630,50330,61850,67800,71820,56590,61780,71560,79600,88160,83390,105480,86590,99580,92140,96990,110400
,Vårraps,38510,34990,32980,34330,29220,35680,36110,45320,50860,14320,4500,7420,6630,9000,3570,4160,6510,14530
,Höstrybs,1460,1130,1120,830,280,490,400,810,320,790,870,970,980,710,1130,950,1170,460
,Vårrybs,7080,6210,3300,2450,2140,2210,1710,2060,2740,1280,980,1090,1150,1150,1100,950,1280,1990
,Stråsädesgrödor (exkl. majs) till grönfoder,..,..,..,..,.,.,36870,37360,36660,41380,40570,40080,45610,98910,46630,40300,44580,32210
,Majs till grönfoder,..,..,..,..,.,.,13740,14120,14630,15670,15650,15740,16800,17290,20390,19720,19220,20470
,Andra ettåriga grödor till grönfoder,..,..,..,..,.,.,11990,11690,12560,16750,21150,18820,21630,29800,26080,25250,25350,23870
,Oljelin,9850,8690,4320,3530,9910,18960,14620,8800,4840,6560,7100,8400,4540,3600,2190,2250,3710,5110
,Matpotatis,22080,20210,20330,19590,19710,19840,20050,18710,17810,17640,16650,17330,17090,15990,16280,16130,14940,14910
,Potatis för stärkelse,8370,7970,8030,7290,7250,7360,7620,6020,6070,6140,6460,6880,7480,7920,7370,7940,8810,8500
,Sockerbetor,.,.,.,.,.,.,.,.,.,.,.,.,.,.,.,29750,28600,28909
,"Slåttervall, första skörd",803920,816400,831390,870740,888800,894470,917620,893040,913720,878000,862820,805460,797330,872440,862370,837700,820530,838680
,"Slåttervall, återväxt",..,..,..,..,.,.,.,.,.,.,.,.,.,.,.,837700,.,.
,"Slåttervall, total vallskörd",..,..,..,..,.,.,.,.,.,.,.,.,.,.,.,837700,.,.
01 Stockholms län,Höstvete,13080,13970,13690,14490,13640,12770,13330,13480,5760,15040,15300,12920,15930,11570,15660,15460,16070,16990
,Vårvete,1430,860,760,1000,1150,1690,1520,1220,3690,1820,1450,1760,1100,1480,720,..,600,690
,Råg,250,380,240,500,830,290,250,140,140,320,130,100,110,120,310,..,370,310
,Höstkorn,120,0,..,80,180,40,70,50,130,100,160,290,280,370,200,..,350,380
,Vårkorn,9250,6990,7780,10040,9980,8200,8720,9580,11280,9560,9260,10190,9070,9650,8240,7100,6480,6070
,Havre,5710,5910,5530,5270,4850,3820,4100,4600,5140,3910,3870,3960,2720,1650,2310,3840,3390,2700
,Rågvete,1060,960,1290,1170,1120,700,530,450,340,820,.,.,.,.,.,.,500,370
,Höstrågvete,..,..,..,.,.,.,.,.,.,.,840,340,290,270,540,..,460,350
,Vårrågvete,..,..,..,.,.,.,.,.,.,.,170,70,50,60,60,..,40,20
,Blandsäd,570,720,420,560,500,630,390,330,370,190,510,140,160,160,340,..,240,150
,Majs,..,..,..,..,0,..,0,..,..,..,..,..,..,..,..,..,..,0
,Spannmål totalt,..,..,..,..,.,.,.,.,.,.,.,.,.,25330,28370,28840,27990,27650
,Ärter,920,820,410,500,790,1210,950,680,790,910,1300,1680,1390,1300,1450,1610,1510,1430
,Åkerbönor,20,20,20,50,50,270,170,250,100,80,140,160,130,40,120,..,180,140
,Höstraps,560,800,1330,1030,630,950,960,1500,750,1230,1470,1330,2470,1680,2220,1980,2070,2020
,Vårraps,2860,2450,2120,2240,1870,2760,2800,3030,4080,890,390,980,780,1060,260,..,480,1160
,Höstrybs,240,170,250,140,30,80,10,140,50,70,30,60,60,20,40,..,40,30
,Vårrybs,210,260,120,90,100,100,40,..,120,30,40,10,20,30,10,..,..,..
,Stråsädesgrödor (exkl. majs) till grönfoder,..,..,..,..,.,.,370,..,1430,610,420,780,740,3700,880,..,420,510
,Majs till grönfoder,..,..,..,..,.,.,50,40,40,50,60,60,70,70,70,..,70,70
,Andra ettåriga grödor till grönfoder,..,..,..,..,.,.,60,20,40,100,60,50,80,470,90,..,120,150
,Oljelin,460,400,130,240,590,880,550,120,80,330,410,710,280,160,20,..,370,400
,Matpotatis,110,100,110,110,110,110,110,110,100,100,100,100,80,80,100,90,90,80
,Potatis för stärkelse,..,..,..,..,0,..,..,..,..,..,..,..,..,0,..,..,..,..
,Sockerbetor,.,.,.,.,.,.,.,.,.,.,.,.,.,.,.,..,..,..
,"Slåttervall, första skörd",..,20270,..,..,27620,26260,28070,..,25570,..,23560,21130,23010,25290,28850,26320,20430,21140
,"Slåttervall, återväxt",..,..,..,..,.,.,.,.,.,.,.,.,.,.,.,26320,.,.
,"Slåttervall, total vallskörd",..,..,..,..,.,.,.,.,.,.,.,.,.,.,.,26320,.,.
03 Uppsala län,Höstvete,22430,28140,30460,32390,28660,25710,30430,29050,8640,35000,35980,30080,38110,26960,38480,37760,42880,44490
,Vårvete,7550,5020,4950,6260,7140,10910,10070,9270,16440,10640,9530,11950,9180,9840,6960,6480,6350,5740
,Råg,1480,1470,1530,1990,2250,1040,1140,1160,590,1210,910,580,600,650,1240,1060,620,630
,Höstkorn,80,80,90,240,240,60,20,40,120,70,250,400,550,770,940,..,780,750
,Vårkorn,31960,26490,29650,37940,39030,29120,30570,31840,40780,33290,31220,32190,28740,33180,27470,28210,23070,21240
,Havre,8600,8460,11690,10610,9460,7600,8630,9190,10640,7420,8010,8470,6610,6380,7420,9810,8150,7140
,Rågvete,960,1090,1300,950,930,650,650,870,540,1300,.,.,.,.,.,.,700,730
,Höstrågvete,..,..,..,.,.,.,.,.,.,.,1420,1030,990,640,830,..,650,680
,Vårrågvete,..,..,..,.,.,.,.,.,.,.,290,390,140,110,120,..,60,50
,Blandsäd,1620,1730,1880,1520,1620,1670,1840,2010,1880,1700,850,970,650,650,830,..,720,640
,Majs,..,..,..,..,40,..,0,..,..,..,..,..,..,..,..,..,..,..
,Spannmål totalt,..,..,..,..,.,.,.,.,.,.,.,.,.,79190,84290,85700,83260,81360
,Ärter,2800,2200,1810,1530,2240,3640,2210,1970,2400,2720,4710,5180,4720,4720,4520,4910,4510,5280
,Åkerbönor,140,150,140,160,260,550,620,560,420,540,700,730,740,620,620,..,920,1370
,Höstraps,370,930,1330,1660,460,900,1190,1870,720,1940,1930,2280,4170,3690,5070,3090,3730,3900
,Vårraps,5530,5390,5940,4060,5300,8060,7440,9030,11530,2040,600,1430,1210,1490,520,1060,1730,3710
,Höstrybs,340,210,320,250,60,120,140,180,30,110,210,220,230,210,320,..,340,90
,Vårrybs,480,580,340,170,180,200,130,120,190,90,10,10,90,80,60,..,..,..
,Stråsädesgrödor (exkl. majs) till grönfoder,..,..,..,..,.,.,1110,1120,890,1440,1820,1530,2340,5710,1540,..,750,1170
,Majs till grönfoder,..,..,..,..,.,.,130,130,90,120,100,110,100,60,60,..,30,60
,Andra ettåriga grödor till grönfoder,..,..,..,..,.,.,210,80,80,260,170,140,310,720,180,..,260,580
,Oljelin,960,1030,490,180,780,1380,710,260,190,350,610,990,500,330,240,..,140,340
,Matpotatis,240,240,300,300,270,270,260,200,200,200,180,200,170,150,130,130,110,110
,Potatis för stärkelse,0,..,..,..,..,..,..,..,..,..,0,0,..,..,..,..,..,..
,Sockerbetor,.,.,.,.,.,.,.,.,.,.,.,.,.,.,.,..,..,..
,"Slåttervall, första skörd",28520,28170,37950,42470,33290,36940,35030,39060,40730,35770,33920,32630,27680,35250,35750,39720,36940,39810
,"Slåttervall, återväxt",..,..,..,..,.,.,.,.,.,.,.,.,.,.,.,39720,.,.
,"Slåttervall, total vallskörd",..,..,..,..,.,.,.,.,.,.,.,.,.,.,.,39720,.,.
04 Södermanlands län,Höstvete,22170,23420,24200,26400,24880,23390,24120,22090,10060,27080,27630,24820,29210,22410,30230,30400,32280,32270
,Vårvete,3540,2400,2280,2830,3360,4340,4270,4170,8880,5050,3360,4530,3550,3940,2210,2330,1510,1650
,Råg,740,880,920,1260,1150,900,800,540,410,680,590,270,450,330,740,870,590,320
,Höstkorn,20,20,..,110,120,250,330,50,160,30,130,350,420,360,480,..,640,540
,Vårkorn,11810,9530,10660,14190,15550,11430,11920,13840,18170,13960,13480,15460,14880,16300,13070,10900,8580,8830
,Havre,10730,11440,11260,11470,10170,8930,9560,10890,12500,8270,8030,8080,5210,4420,5260,7010,6530,5750
,Rågvete,3040,2930,2980,3040,2550,2260,1790,2040,1220,2850,.,.,.,.,.,.,3900,4190
,Höstrågvete,..,..,..,.,.,.,.,.,.,.,3270,1900,2130,2050,2940,3140,3740,4050
,Vårrågvete,..,..,..,.,.,.,.,.,.,.,290,170,270,260,160,..,170,140
,Blandsäd,980,1040,790,770,760,1300,1540,1000,890,650,1040,640,350,470,490,..,400,630
,Majs,..,..,..,..,10,..,0,..,..,..,..,0,..,..,..,..,..,..
,Spannmål totalt,..,..,..,..,.,.,.,.,.,.,.,.,.,50530,55600,55850,54420,54180
,Ärter,2100,1330,910,840,1420,1800,770,870,690,950,1420,1640,1530,1440,1270,1060,1110,990
,Åkerbönor,80,130,150,290,530,780,900,890,940,1000,1160,1170,980,1050,700,740,910,830
,Höstraps,590,830,1000,1520,1000,1890,1850,2670,970,1880,2840,2670,4730,4460,4920,4390,4560,5120
,Vårraps,3660,3660,4120,2930,3170,3550,3840,3970,6070,1190,400,920,580,710,460,..,410,1020
,Höstrybs,250,240,220,130,90,100,50,90,30,130,230,120,220,70,70,..,150,..
,Vårrybs,550,460,260,190,90,110,50,100,280,70,0,10,10,..,..,..,..,30
,Stråsädesgrödor (exkl. majs) till grönfoder,..,..,..,..,.,.,780,790,1160,1600,1240,1410,2060,5840,1730,1380,2040,750
,Majs till grönfoder,..,..,..,..,.,.,90,60,60,110,140,140,140,120,220,..,180,180
,Andra ettåriga grödor till grönfoder,..,..,..,..,.,.,220,100,60,190,70,60,190,470,90,..,100,70
,Oljelin,830,780,400,390,1380,2140,1210,740,510,1020,1060,850,460,380,190,..,620,580
,Matpotatis,110,100,90,80,90,90,80,80,70,50,50,50,60,50,40,40,40,40
,Potatis för stärkelse,..,..,..,..,..,0,0,0,0,0,0,0,..,0,0,..,..,..
,Sockerbetor,.,.,.,.,.,.,.,.,.,.,.,.,.,.,.,..,..,..
,"Slåttervall, första skörd",26440,27270,29710,..,31600,31700,33970,30050,33190,35910,38140,28690,31090,38770,37750,34060,35140,34150
,"Slåttervall, återväxt",..,..,..,..,.,.,.,.,.,.,.,.,.,.,.,34060,.,.
,"Slåttervall, total vallskörd",..,..,..,..,.,.,.,.,.,.,.,.,.,.,.,34060,.,.
05 Östergötlands län,Höstvete,43700,46140,45400,47280,48090,48150,52620,50180,32760,55190,56120,56010,57720,44640,59150,58500,60140,61250
,Vårvete,3400,2280,2180,4010,3390,4470,3960,3990,11050,3450,2540,3730,2530,6150,1980,2140,2010,1780
,Råg,2880,2770,2760,3220,4090,2820,2810,2860,3160,3110,2630,1330,2000,1930,2820,2400,1680,1280
,Höstkorn,300,200,200,350,1200,1440,1010,840,1110,1060,1220,1930,2020,1480,2070,2160,2480,2060
,Vårkorn,17010,13480,14690,21750,17080,14210,14890,17230,24590,15990,12380,13560,12440,18990,12330,11350,9540,9130
,Havre,10540,10230,10990,11400,9110,5970,7950,8820,11350,8300,8990,8070,7380,7200,6500,9070,9540,7140
,Rågvete,8780,8760,9210,8120,8380,5610,2950,3580,3780,5770,.,.,.,.,.,.,5170,4890
,Höstrågvete,..,..,..,.,.,.,.,.,.,.,6060,4380,4200,2350,4150,4660,4960,4790
,Vårrågvete,..,..,..,.,.,.,.,.,.,.,490,400,330,250,100,..,210,100
,Blandsäd,2150,1610,1580,1910,1890,2710,2140,1840,2190,1710,1190,1040,510,760,390,860,580,640
,Majs,..,..,0,30,0,..,0,..,..,..,..,..,..,..,0,..,..,..
,Spannmål totalt,..,..,..,..,.,.,.,.,.,.,.,.,.,83750,89480,91310,91140,88160
,Ärter,5030,4180,2670,2010,3440,3680,2570,2110,2180,2700,3540,3680,4510,3390,2730,3370,3590,2650
,Åkerbönor,390,580,860,1300,2250,3060,4000,3850,3880,3790,4590,5510,4760,3840,2830,3170,3840,3860
,Höstraps,5560,7000,8890,9820,7420,6410,4530,7380,5800,8550,10070,8090,12340,10340,12330,11240,11460,13770
,Vårraps,2700,2700,3760,3350,3760,3980,3790,4370,6720,1980,330,530,580,1180,430,..,400,530
,Höstrybs,50,30,20,..,..,20,20,10,30,50,20,20,10,10,40,..,40,40
,Vårrybs,340,310,340,170,120,100,100,70,130,70,30,50,40,40,50,..,30,..
,Stråsädesgrödor (exkl. majs) till grönfoder,..,..,..,..,.,.,1870,2090,1070,1570,1850,3410,3620,6470,2840,3310,2320,2210
,Majs till grönfoder,..,..,..,..,.,.,640,680,710,780,910,690,640,740,800,..,760,840
,Andra ettåriga grödor till grönfoder,..,..,..,..,.,.,550,630,690,910,870,480,1030,1670,890,..,840,600
,Oljelin,4300,3670,1520,1520,4250,6910,6680,4360,3050,3500,3430,3750,2110,1900,1100,860,1540,2000
,Matpotatis,1790,1810,1790,1740,1820,1820,1890,1730,1690,1760,1760,1640,1810,1780,1730,1710,1760,1650
,Potatis för stärkelse,20,..,..,..,..,10,10,..,..,..,..,..,..,..,..,..,..,20
,Sockerbetor,.,.,.,.,.,.,.,.,.,.,.,.,.,.,.,..,..,..
,"Slåttervall, första skörd",52020,54680,52380,60350,57080,53920,57300,62500,61320,61510,57280,59770,54370,61110,62170,59950,62500,60050
,"Slåttervall, återväxt",..,..,..,..,.,.,.,.,.,.,.,.,.,.,.,59950,.,.
,"Slåttervall, total vallskörd",..,..,..,..,.,.,.,.,.,.,.,.,.,.,.,59950,.,.
06 Jönköpings län,Höstvete,750,950,920,890,1150,1490,1420,1200,880,1890,1890,2180,1980,1150,2170,2330,2700,2830
,Vårvete,130,110,100,270,170,180,470,990,1000,790,640,670,480,360,360,..,470,400
,Råg,10,0,10,10,20,10,60,40,30,80,30,30,30,30,250,..,200,240
,Höstkorn,90,20,30,20,40,40,40,0,..,10,40,70,50,60,180,..,300,360
,Vårkorn,6820,4620,5870,5450,4970,5300,5230,5380,6290,5730,5760,6110,6450,3820,5220,6240,6660,5240
,Havre,6220,5230,6410,6640,5940,5370,5320,5970,5380,4580,5520,4480,4390,1510,2580,2930,3640,3250
,Rågvete,1180,1320,1160,1080,970,730,550,310,330,770,.,.,.,.,.,.,1090,1310
,Höstrågvete,..,..,..,.,.,.,.,.,.,.,550,510,790,400,610,..,1000,1280
,Vårrågvete,..,..,..,.,.,.,.,.,.,.,160,70,110,60,30,..,90,30
,Blandsäd,1570,1530,1290,1400,1770,1160,1190,990,1150,1160,770,1030,1010,330,690,..,560,750
,Majs,..,..,40,0,..,..,0,..,..,..,..,..,..,..,..,..,..,..
,Spannmål totalt,..,..,..,..,.,.,.,.,.,.,.,.,.,7710,12080,13860,15630,14370
,Ärter,40,60,80,50,40,90,30,10,10,20,50,50,90,70,50,..,100,60
,Åkerbönor,50,20,20,20,10,110,60,70,60,70,100,100,90,100,10,..,90,40
,Höstraps,160,140,180,150,200,230,150,160,210,230,310,320,390,450,440,..,520,660
,Vårraps,60,80,60,70,100,120,70,90,70,10,0,30,60,70,10,..,40,20
,Höstrybs,..,..,..,..,..,..,..,20,..,10,..,..,..,10,..,..,..,30
,Vårrybs,..,..,..,..,..,10,30,10,..,..,..,..,..,0,..,..,..,..
,Stråsädesgrödor (exkl. majs) till grönfoder,..,..,..,..,.,.,2340,2000,1830,2160,3170,4240,3370,10320,5460,4210,3160,3470
,Majs till grönfoder,..,..,..,..,.,.,120,140,140,130,120,100,100,80,90,..,140,220
,Andra ettåriga grödor till grönfoder,..,..,..,..,.,.,2370,2410,2280,3070,2080,1560,2110,2600,3350,..,2990,2950
,Oljelin,..,0,0,0,0,20,60,20,0,..,..,10,..,..,..,..,..,..
,Matpotatis,300,270,280,290,260,220,210,180,110,100,110,100,100,70,80,80,70,80
,Potatis för stärkelse,..,..,..,..,..,0,0,..,..,..,..,..,..,..,..,..,..,..
,Sockerbetor,.,.,.,.,.,.,.,.,.,.,.,.,.,.,.,..,..,..
,"Slåttervall, första skörd",53460,54250,56310,61870,56680,55280,62770,59090,59660,57030,57130,54190,56210,55440,52700,54180,55420,57370
,"Slåttervall, återväxt",..,..,..,..,.,.,.,.,.,.,.,.,.,.,.,54180,.,.
,"Slåttervall, total vallskörd",..,..,..,..,.,.,.,.,.,.,.,.,.,.,.,54180,.,.
07 Kronobergs län,Höstvete,300,450,340,400,670,690,610,350,390,500,560,730,740,440,700,..,820,1140
,Vårvete,60,150,260,480,570,520,740,1100,910,840,740,650,760,480,470,..,420,360
,Råg,30,30,40,10,50,70,50,60,20,40,40,10,20,50,70,..,90,90
,Höstkorn,20,10,0,10,30,30,20,10,40,10,20,40,20,30,40,..,110,60
,Vårkorn,2680,2150,2220,2340,2020,1810,2170,2130,2590,2510,3030,2810,3100,2400,2880,3460,3410,3560
,Havre,4690,3500,3270,4040,3420,3470,3230,2910,2830,2430,2860,3130,2610,1450,1880,2070,2080,1960
,Rågvete,820,820,720,590,830,600,330,260,300,560,.,.,.,.,.,.,670,800
,Höstrågvete,..,..,..,.,.,.,.,.,.,.,530,460,440,240,430,..,590,720
,Vårrågvete,..,..,..,.,.,.,.,.,.,.,80,100,130,50,40,..,80,80
,Blandsäd,480,380,500,410,310,370,170,130,180,250,230,210,250,130,50,..,100,120
,Majs,..,..,..,..,..,..,0,..,..,..,..,..,..,..,..,..,..,..
,Spannmål totalt,..,..,..,..,.,.,.,.,.,.,.,.,.,5270,6560,7740,7700,8090
,Ärter,10,0,10,10,20,20,10,0,0,10,10,0,10,10,..,..,20,10
,Åkerbönor,..,..,0,..,..,0,10,20,10,10,10,10,30,40,..,..,..,40
,Höstraps,..,..,50,60,80,140,80,80,110,100,110,100,130,110,110,..,120,210
,Vårraps,30,20,20,60,40,40,30,60,100,80,20,50,70,70,30,..,..,50
,Höstrybs,..,..,..,..,..,10,10,10,..,10,10,20,10,..,..,..,..,..
,Vårrybs,40,50,..,10,..,..,20,10,20,10,30,30,20,10,20,..,40,40
,Stråsädesgrödor (exkl. majs) till grönfoder,..,..,..,..,.,.,1370,1880,1090,1390,1070,1310,1430,3660,2190,1420,1800,1060
,Majs till grönfoder,..,..,..,..,.,.,50,80,40,50,70,40,60,50,130,..,100,180
,Andra ettåriga grödor till grönfoder,..,..,..,..,.,.,870,880,1030,1320,950,710,1010,1070,1230,..,1040,1010
,Oljelin,..,..,..,..,..,..,..,..,..,..,..,..,..,..,..,..,..,..
,Matpotatis,130,120,130,110,100,90,70,70,50,50,50,50,60,50,50,70,90,70
,Potatis för stärkelse,20,10,10,10,10,10,10,10,10,0,0,10,10,10,0,10,0,..
,Sockerbetor,.,.,.,.,.,.,.,.,.,.,.,.,.,.,.,..,..,..
,"Slåttervall, första skörd",31180,..,30710,27520,..,32360,31970,31920,32050,28200,30310,29340,30550,29030,28720,29680,29840,30150
,"Slåttervall, återväxt",..,..,..,..,.,.,.,.,.,.,.,.,.,.,.,29680,.,.
,"Slåttervall, total vallskörd",..,..,..,..,.,.,.,.,.,.,.,.,.,.,.,29680,.,.
08 Kalmar län,Höstvete,10220,10240,9700,11090,10740,11360,11010,10790,10730,11960,11950,14290,12870,11170,13090,13420,13070,12930
,Vårvete,960,680,960,1000,1060,1120,1400,1880,1520,1750,1530,1340,1250,1280,930,710,880,890
,Råg,350,270,360,760,780,680,410,520,570,520,480,470,500,520,670,760,680,810
,Höstkorn,1260,1270,1920,2330,3480,3390,2540,1870,2530,2610,2860,2890,2600,2140,2060,2370,2660,2810
,Vårkorn,14460,12450,12030,11690,9890,8660,9700,10050,9270,9210,9350,8100,7610,7740,7090,6600,6220,6990
,Havre,4420,3970,4630,4160,3560,3180,3210,3290,2820,2880,2660,2900,2550,1440,1580,1520,1620,1610
,Rågvete,4470,4110,4030,4570,5010,3260,2710,3570,3490,3920,.,.,.,.,.,.,3710,3230
,Höstrågvete,..,..,..,.,.,.,.,.,.,.,3220,3330,2700,1980,3140,3450,3630,3150
,Vårrågvete,..,..,..,.,.,.,.,.,.,.,320,280,250,60,80,..,80,80
,Blandsäd,1040,970,1070,990,1080,1150,1310,660,900,720,640,250,630,240,410,..,170,840
,Majs,..,..,170,150,150,..,120,140,150,180,180,210,210,40,220,..,300,270
,Spannmål totalt,..,..,..,..,.,.,.,.,.,.,.,.,.,26600,29270,29550,29300,30380
,Ärter,970,1030,1050,890,960,890,780,760,700,820,700,780,530,650,570,660,840,790
,Åkerbönor,10,0,..,..,40,80,170,140,210,260,320,290,380,100,160,..,370,400
,Höstraps,1600,1840,2540,2820,3210,3690,3260,3690,4050,3840,4280,4010,4700,3990,2670,2800,3310,4100
,Vårraps,200,240,260,260,430,230,300,260,430,160,140,90,100,90,20,..,70,160
,Höstrybs,..,..,..,..,..,10,10,..,..,..,0,10,0,10,20,..,10,..
,Vårrybs,160,100,..,..,..,20,..,10,10,10,0,..,10,10,..,..,..,..
,Stråsädesgrödor (exkl. majs) till grönfoder,..,..,..,..,.,.,2320,2180,1980,1370,2250,2460,3600,6540,4420,4460,4670,2170
,Majs till grönfoder,..,..,..,..,.,.,3330,3320,3220,2980,2630,3670,4220,4220,5130,5430,5220,5090
,Andra ettåriga grödor till grönfoder,..,..,..,..,.,.,2530,2600,2740,3430,3670,2500,2920,3580,3610,3340,2820,2540
,Oljelin,100,50,40,50,0,90,150,150,70,90,80,90,90,60,40,..,30,60
,Matpotatis,530,490,470,470,480,480,500,500,450,470,430,420,450,400,430,410,420,420
,Potatis för stärkelse,760,740,780,740,710,730,760,640,660,640,700,730,800,910,890,920,1000,930
,Sockerbetor,.,.,.,.,.,.,.,.,.,.,.,.,.,.,.,..,..,..
,"Slåttervall, första skörd",56980,60380,60900,57210,59080,61190,62150,65400,66110,58020,53440,55220,57820,57930,55820,59160,58130,57970
,"Slåttervall, återväxt",..,..,..,..,.,.,.,.,.,.,.,.,.,.,.,59160,.,.
,"Slåttervall, total vallskörd",..,..,..,..,.,.,.,.,.,.,.,.,.,.,.,59160,.,.
09 Gotlands län,Höstvete,6540,5980,5730,6680,6560,6140,9730,8990,6330,9830,9460,11300,11430,7570,12770,12950,13800,14280
,Vårvete,1960,1930,1650,2080,2290,3020,3360,3500,4290,3890,3930,4500,5030,4850,3870,3560,3150,2250
,Råg,760,560,640,790,1010,590,950,890,750,740,690,490,740,570,980,1120,1000,930
,Höstkorn,870,930,1320,2070,3440,2840,2470,1950,2970,3070,3580,3700,4030,2810,3680,3620,3590,3260
,Vårkorn,14400,14010,15430,15740,12980,14360,13270,13660,14380,11740,11810,10420,9580,10690,8250,8950,8730,7880
,Havre,2130,2210,1900,1870,1630,1290,1320,1470,1340,1350,1150,1190,1000,920,1400,1660,1130,760
,Rågvete,4020,3670,3840,4540,5620,2590,1650,2700,2400,2970,.,.,.,.,.,.,600,390
,Höstrågvete,..,..,..,.,.,.,.,.,.,.,2680,1190,860,590,870,1030,530,380
,Vårrågvete,..,..,..,.,.,.,.,.,.,.,0,10,..,0,10,..,70,10
,Blandsäd,..,540,210,400,300,410,630,390,300,240,300,170,140,90,370,..,300,120
,Majs,..,..,0,120,..,30,190,150,0,80,330,150,40,..,..,..,80,80
,Spannmål totalt,..,..,..,..,.,.,.,.,.,.,.,.,.,28080,32200,33040,32380,29960
,Ärter,1170,1060,910,670,920,1470,1150,1010,1280,1270,2170,2640,2320,1920,1800,2160,2360,2210
,Åkerbönor,20,0,30,0,10,90,130,90,230,130,250,290,570,590,330,..,240,330
,Höstraps,1210,1580,2570,3380,3640,3690,3620,4330,4560,4210,4290,4470,5340,4290,3670,3010,3170,4770
,Vårraps,900,1210,880,900,860,1110,1330,1610,1590,800,590,520,530,820,460,..,660,1380
,Höstrybs,..,..,..,30,..,10,..,10,0,10,0,10,0,10,..,..,..,..
,Vårrybs,120,200,120,140,100,60,70,50,40,10,..,0,..,..,..,..,..,..
,Stråsädesgrödor (exkl. majs) till grönfoder,..,..,..,..,.,.,780,900,970,1460,860,1050,930,4340,1250,1450,1840,1210
,Majs till grönfoder,..,..,..,..,.,.,1640,2000,2160,2230,1940,1970,2130,2580,2910,2780,2640,2480
,Andra ettåriga grödor till grönfoder,..,..,..,..,.,.,220,130,190,130,180,200,300,790,520,..,640,700
,Oljelin,80,30,..,..,60,40,20,40,0,..,0,0,0,0,..,..,..,..
,Matpotatis,780,790,870,920,950,950,910,860,870,870,840,950,920,830,950,940,900,940
,Potatis för stärkelse,..,..,..,..,..,10,10,..,..,..,10,..,..,..,0,10,10,20
,Sockerbetor,.,.,.,.,.,.,.,.,.,.,.,.,.,.,.,..,..,..
,"Slåttervall, första skörd",30530,32480,32670,35630,32120,34690,33710,33260,33790,35340,31240,32220,31270,33020,31890,32080,30000,32510
,"Slåttervall, återväxt",..,..,..,..,.,.,.,.,.,.,.,.,.,.,.,32080,.,.
,"Slåttervall, total vallskörd",..,..,..,..,.,.,.,.,.,.,.,.,.,.,.,32080,.,.
10 Blekinge län,Höstvete,1890,1750,1930,1920,2680,2910,2860,3070,3030,3430,3550,4100,3530,2530,3840,3440,3930,3140
,Vårvete,1000,970,800,1210,1020,960,1170,1280,1130,1020,1130,960,1020,1370,890,1020,1060,1010
,Råg,140,120,120,160,210,130,110,140,230,190,140,90,70,80,160,..,110,130
,Höstkorn,100,80,160,240,390,390,320,230,310,240,320,270,370,280,320,..,540,400
,Vårkorn,4080,3730,3660,4760,3700,3220,3390,3650,3330,3350,3130,2900,3020,3590,2490,2680,2600,2980
,Havre,1160,960,920,1040,820,650,610,660,700,690,560,580,630,440,370,..,570,500
,Rågvete,1000,1200,980,880,1160,950,590,440,540,600,.,.,.,.,.,.,550,540
,Höstrågvete,..,..,..,.,.,.,.,.,.,.,630,580,470,260,670,750,520,520
,Vårrågvete,..,..,..,.,.,.,.,.,.,.,..,20,20,10,0,..,30,20
,Blandsäd,..,90,150,160,140,120,100,180,90,40,40,60,50,..,70,..,20,30
,Majs,..,..,..,..,0,..,0,40,10,50,60,70,60,..,20,..,..,10
,Spannmål totalt,..,..,..,..,.,.,.,.,.,.,.,.,.,8560,8850,9120,9380,8730
,Ärter,70,30,20,20,30,80,40,30,20,20,90,70,30,..,80,..,90,140
,Åkerbönor,..,0,..,..,..,0,0,10,40,60,140,190,210,140,190,..,70,60
,Höstraps,170,300,390,480,600,740,660,760,1050,930,990,950,1140,920,740,720,830,1290
,Vårraps,160,170,120,180,160,90,120,100,180,80,20,20,30,40,10,..,40,60
,Höstrybs,..,..,..,..,..,..,..,..,..,..,..,..,0,..,..,..,..,..
,Vårrybs,..,..,..,..,..,..,..,..,..,..,..,..,..,..,10,..,..,..
,Stråsädesgrödor (exkl. majs) till grönfoder,..,..,..,..,.,.,280,260,310,410,440,350,540,920,530,..,330,240
,Majs till grönfoder,..,..,..,..,.,.,480,430,480,480,480,510,560,640,670,..,750,810
,Andra ettåriga grödor till grönfoder,..,..,..,..,.,.,110,180,160,200,80,60,120,130,260,..,190,80
,Oljelin,..,..,..,..,..,..,..,..,..,..,..,..,..,..,..,..,..,..
,Matpotatis,120,110,140,130,160,110,130,100,70,80,100,90,90,80,70,70,50,60
,Potatis för stärkelse,2730,2550,2460,2160,2120,2200,2440,1790,1780,1810,1870,1940,2010,2000,1850,1930,1940,1870
,Sockerbetor,.,.,.,.,.,.,.,.,.,.,.,.,.,.,.,300,330,329
,"Slåttervall, första skörd",..,..,..,..,..,..,..,..,12000,..,..,..,..,..,..,..,..,..
,"Slåttervall, återväxt",..,..,..,..,.,.,.,.,.,.,.,.,.,.,.,..,.,.
,"Slåttervall, total vallskörd",..,..,..,..,.,.,.,.,.,.,.,.,.,.,.,..,.,.
11 f.d. Kristianstads län,Höstvete,.,.,.,.,.,.,.,.,.,.,.,.,.,.,.,.,.,.
,Vårvete,.,.,.,.,.,.,.,.,.,.,.,.,.,.,.,.,.,.
,Råg,.,.,.,.,.,.,.,.,.,.,.,.,.,.,.,.,.,.
,Höstkorn,.,.,.,.,.,.,.,.,.,.,.,.,.,.,.,.,.,.
,Vårkorn,.,.,.,.,.,.,.,.,.,.,.,.,.,.,.,.,.,.
,Havre,.,.,.,.,.,.,.,.,.,.,.,.,.,.,.,.,.,.
,Rågvete,.,.,.,.,.,.,.,.,.,.,.,.,.,.,.,.,.,.
,Höstrågvete,.,.,.,.,.,.,.,.,.,.,.,.,.,.,.,.,.,.
,Vårrågvete,.,.,.,.,.,.,.,.,.,.,.,.,.,.,.,.,.,.
,Blandsäd,.,.,.,.,.,.,.,.,.,.,.,.,.,.,.,.,.,.
,Majs,.,.,.,.,.,.,.,.,.,.,.,.,.,.,.,.,.,.
,Spannmål totalt,.,.,.,.,.,.,.,.,.,.,.,.,.,.,.,.,.,.
,Ärter,.,.,.,.,.,.,.,.,.,.,.,.,.,.,.,.,.,.
,Åkerbönor,.,.,.,.,.,.,.,.,.,.,.,.,.,.,.,.,.,.
,Höstraps,.,.,.,.,.,.,.,.,.,.,.,.,.,.,.,.,.,.
,Vårraps,.,.,.,.,.,.,.,.,.,.,.,.,.,.,.,.,.,.
,Höstrybs,.,.,.,.,.,.,.,.,.,.,.,.,.,.,.,.,.,.
,Vårrybs,.,.,.,.,.,.,.,.,.,.,.,.,.,.,.,.,.,.
,Stråsädesgrödor (exkl. majs) till grönfoder,.,.,.,.,.,.,.,.,.,.,.,.,.,.,.,.,.,.
,Majs till grönfoder,.,.,.,.,.,.,.,.,.,.,.,.,.,.,.,.,.,.
,Andra ettåriga grödor till grönfoder,.,.,.,.,.,.,.,.,.,.,.,.,.,.,.,.,.,.
,Oljelin,.,.,.,.,.,.,.,.,.,.,.,.,.,.,.,.,.,.
,Matpotatis,.,.,.,.,.,.,.,.,.,.,.,.,.,.,.,.,.,.
,Potatis för stärkelse,.,.,.,.,.,.,.,.,.,.,.,.,.,.,.,.,.,.
,Sockerbetor,.,.,.,.,.,.,.,.,.,.,.,.,.,.,.,.,.,.
,"Slåttervall, första skörd",.,.,.,.,.,.,.,.,.,.,.,.,.,.,.,.,.,.
,"Slåttervall, återväxt",.,.,.,.,.,.,.,.,.,.,.,.,.,.,.,.,.,.
,"Slåttervall, total vallskörd",.,.,.,.,.,.,.,.,.,.,.,.,.,.,.,.,.,.
12 Skåne län,Höstvete,93920,89450,91230,81570,91150,100040,98770,90750,84360,99470,103250,107000,103490,74960,105770,98330,104830,93020
,Vårvete,12650,10030,6520,6720,6100,9210,7230,9900,10510,6730,5550,5430,6670,13830,4330,4150,3780,5080
,Råg,9130,10040,11650,12560,17430,11230,11610,12290,14320,13240,11240,8470,10370,8310,13980,12920,11010,8520
,Höstkorn,1790,2390,3780,3780,6650,6320,5100,3470,4910,4710,4370,5270,4660,3140,5290,5290,5470,4820
,Vårkorn,85520,76870,83850,103760,76870,66100,76860,86520,79180,71630,78450,67310,68300,97560,66050,66710,62300,65920
,Havre,11750,15220,13920,12450,8680,7350,8540,10420,10040,7150,7880,8190,7410,10200,8420,13520,12120,10170
,Rågvete,4980,5820,4780,4630,5270,4560,3780,3720,4370,6070,.,.,.,.,.,.,4640,4300
,Höstrågvete,..,..,..,.,.,.,.,.,.,.,6990,5270,4700,2740,4460,4100,4380,3890
,Vårrågvete,..,..,..,.,.,.,.,.,.,.,340,200,100,180,100,..,250,410
,Blandsäd,1060,1110,640,440,170,1270,1130,810,720,850,1000,620,460,270,510,..,460,480
,Majs,..,..,1460,530,850,1380,1250,1990,1140,730,700,1330,920,1040,1290,1480,1150,1110
,Spannmål totalt,..,..,..,..,.,.,.,.,.,.,.,.,.,212220,210200,207350,205750,193410
,Ärter,2870,2290,1030,520,740,1500,880,470,380,560,2220,2250,2420,1490,1050,1060,1200,1320
,Åkerbönor,1340,780,550,450,380,1020,1060,1520,1320,1650,2980,3170,4070,4380,2840,3290,2860,3380
,Höstraps,16160,24010,21020,27790,39290,40880,33300,30710,45780,45830,48360,44670,48140,36000,43360,43020,43560,48350
,Vårraps,3440,2490,2190,1000,920,1000,1440,2080,1450,510,230,220,240,540,190,..,220,570
,Höstrybs,130,..,40,30,..,20,80,120,100,60,170,110,50,30,50,..,..,30
,Vårrybs,..,30,20,90,..,60,40,60,130,70,10,20,10,70,..,..,..,..
,Stråsädesgrödor (exkl. majs) till grönfoder,..,..,..,..,.,.,3140,2790,2960,4590,3800,4840,5020,7650,5160,3280,4610,3640
,Majs till grönfoder,..,..,..,..,.,.,4100,3830,4670,5510,5860,5100,5460,5210,6170,5590,5670,6400
,Andra ettåriga grödor till grönfoder,..,..,..,..,.,.,1150,1050,900,1130,980,1170,1070,1140,940,..,640,670
,Oljelin,590,400,260,140,170,450,340,200,190,150,290,320,320,230,220,..,230,320
,Matpotatis,7190,6680,6590,6490,6600,7140,7370,7180,6700,6810,6360,6670,6450,6090,6200,6230,5610,5700
,Potatis för stärkelse,4690,4520,4620,4310,4260,4230,4260,3520,3550,3620,3770,4080,4550,4820,4470,4970,5710,5530
,Sockerbetor,.,.,.,.,.,.,.,.,.,.,.,.,.,.,.,28690,27560,28198
,"Slåttervall, första skörd",73100,74010,76630,76490,84950,77940,81620,89720,84340,76590,77980,74400,69300,73490,73860,76540,70110,78540
,"Slåttervall, återväxt",..,..,..,..,.,.,.,.,.,.,.,.,.,.,.,76540,.,.
,"Slåttervall, total vallskörd",..,..,..,..,.,.,.,.,.,.,.,.,.,.,.,76540,.,.
122 f.d. Malmöhus län,Höstvete,.,.,.,.,.,.,.,.,.,.,.,.,.,.,.,.,.,.
,Vårvete,.,.,.,.,.,.,.,.,.,.,.,.,.,.,.,.,.,.
,Råg,.,.,.,.,.,.,.,.,.,.,.,.,.,.,.,.,.,.
,Höstkorn,.,.,.,.,.,.,.,.,.,.,.,.,.,.,.,.,.,.
,Vårkorn,.,.,.,.,.,.,.,.,.,.,.,.,.,.,.,.,.,.
,Havre,.,.,.,.,.,.,.,.,.,.,.,.,.,.,.,.,.,.
,Rågvete,.,.,.,.,.,.,.,.,.,.,.,.,.,.,.,.,.,.
,Höstrågvete,.,.,.,.,.,.,.,.,.,.,.,.,.,.,.,.,.,.
,Vårrågvete,.,.,.,.,.,.,.,.,.,.,.,.,.,.,.,.,.,.
,Blandsäd,.,.,.,.,.,.,.,.,.,.,.,.,.,.,.,.,.,.
,Majs,.,.,.,.,.,.,.,.,.,.,.,.,.,.,.,.,.,.
,Spannmål totalt,.,.,.,.,.,.,.,.,.,.,.,.,.,.,.,.,.,.
,Ärter,.,.,.,.,.,.,.,.,.,.,.,.,.,.,.,.,.,.
,Åkerbönor,.,.,.,.,.,.,.,.,.,.,.,.,.,.,.,.,.,.
,Höstraps,.,.,.,.,.,.,.,.,.,.,.,.,.,.,.,.,.,.
,Vårraps,.,.,.,.,.,.,.,.,.,.,.,.,.,.,.,.,.,.
,Höstrybs,.,.,.,.,.,.,.,.,.,.,.,.,.,.,.,.,.,.
,Vårrybs,.,.,.,.,.,.,.,.,.,.,.,.,.,.,.,.,.,.
,Stråsädesgrödor (exkl. majs) till grönfoder,.,.,.,.,.,.,.,.,.,.,.,.,.,.,.,.,.,.
,Majs till grönfoder,.,.,.,.,.,.,.,.,.,.,.,.,.,.,.,.,.,.
,Andra ettåriga grödor till grönfoder,.,.,.,.,.,.,.,.,.,.,.,.,.,.,.,.,.,.
,Oljelin,.,.,.,.,.,.,.,.,.,.,.,.,.,.,.,.,.,.
,Matpotatis,.,.,.,.,.,.,.,.,.,.,.,.,.,.,.,.,.,.
,Potatis för stärkelse,.,.,.,.,.,.,.,.,.,.,.,.,.,.,.,.,.,.
,Sockerbetor,.,.,.,.,.,.,.,.,.,.,.,.,.,.,.,.,.,.
,"Slåttervall, första skörd",.,.,.,.,.,.,.,.,.,.,.,.,.,.,.,.,.,.
,"Slåttervall, återväxt",.,.,.,.,.,.,.,.,.,.,.,.,.,.,.,.,.,.
,"Slåttervall, total vallskörd",.,.,.,.,.,.,.,.,.,.,.,.,.,.,.,.,.,.
13 Hallands län,Höstvete,5990,8380,8370,5780,8220,9810,8440,4250,3100,10990,11530,12660,13910,6990,13680,13410,14840,14100
,Vårvete,3230,2400,2200,3400,2570,3230,3890,6270,7460,3750,3190,3510,2570,5040,2660,2110,1830,1950
,Råg,440,380,260,250,350,290,260,200,240,430,330,270,430,670,1470,1350,1230,1020
,Höstkorn,50,130,100,110,340,500,390,160,160,260,540,960,1030,510,990,1100,1260,1130
,Vårkorn,21460,19400,19060,24010,21330,18780,20450,24010,22720,18390,18280,17150,16360,18130,15190,15580,13950,14690
,Havre,10680,9890,9800,10690,8720,6670,7970,8400,8480,7120,6540,7290,6380,5900,5330,7000,7320,7290
,Rågvete,3670,4570,4220,3270,5020,4140,3170,1840,1420,3270,.,.,.,.,.,.,1510,1280
,Höstrågvete,..,..,..,.,.,.,.,.,.,.,3530,2160,1800,670,1660,1390,1460,1270
,Vårrågvete,..,..,..,.,.,.,.,.,.,.,60,40,10,..,0,..,40,20
,Blandsäd,860,660,1020,530,890,560,580,400,790,420,660,750,480,350,440,..,330,290
,Majs,..,..,10,100,0,0,520,10,..,..,150,90,20,30,130,..,250,400
,Spannmål totalt,..,..,..,..,.,.,.,.,.,.,.,.,.,38280,41570,42950,42520,42160
,Ärter,420,280,270,150,220,430,360,180,160,120,140,190,250,40,150,..,250,260
,Åkerbönor,820,570,360,200,180,390,540,520,700,840,1330,2090,2660,2380,1420,1400,1140,1390
,Höstraps,790,1390,1730,1610,1630,2470,780,1220,1870,2000,2220,2960,3880,2670,3500,3310,4150,4720
,Vårraps,920,820,700,490,600,720,1230,1600,1600,900,370,200,150,330,40,..,160,200
,Höstrybs,..,20,..,..,..,10,..,..,..,10,0,..,20,..,30,..,10,..
,Vårrybs,220,150,60,80,0,20,20,30,.,..,..,..,..,..,..,..,..,..
,Stråsädesgrödor (exkl. majs) till grönfoder,..,..,..,..,.,.,2140,2060,1600,1970,1860,1210,2310,6120,1850,1360,2070,840
,Majs till grönfoder,..,..,..,..,.,.,1480,1810,1840,2010,2170,2260,2440,2610,2950,2690,2580,2870
,Andra ettåriga grödor till grönfoder,..,..,..,..,.,.,200,160,250,450,330,200,320,870,450,..,400,240
,Oljelin,90,60,20,60,40,180,150,20,..,30,30,30,20,..,..,..,..,..
,Matpotatis,2900,2400,2450,2160,2180,2130,2010,1840,1880,1920,1870,1970,1980,1870,1950,1990,1740,1810
,Potatis för stärkelse,20,10,10,..,..,10,20,0,10,20,20,40,30,70,50,30,50,60
,Sockerbetor,.,.,.,.,.,.,.,.,.,.,.,.,.,.,.,700,710,711
,"Slåttervall, första skörd",31040,32580,31250,29300,36900,36560,40270,35300,42540,37640,32400,31780,33860,36690,37000,36210,34490,29880
,"Slåttervall, återväxt",..,..,..,..,.,.,.,.,.,.,.,.,.,.,.,36210,.,.
,"Slåttervall, total vallskörd",..,..,..,..,.,.,.,.,.,.,.,.,.,.,.,36210,.,.
14 Västra Götalands län,Höstvete,52610,57120,58340,49810,61620,61520,62330,27070,29980,69840,72850,68680,73020,49500,76930,70350,77840,69510
,Vårvete,6860,4080,4960,7330,5910,8160,9110,18890,20490,12190,9190,9920,9560,12090,7600,8440,6640,7400
,Råg,3370,3630,3520,3340,5110,4130,3840,2090,3570,5090,5130,3850,4740,5170,7790,6850,5860,4610
,Höstkorn,440,410,590,920,1800,1970,1560,310,1010,920,1660,2370,2130,1370,2390,1890,2320,2840
,Vårkorn,46520,32700,33300,47900,39270,34890,39150,60650,57890,43650,39980,40560,42410,53040,39730,39010,35990,41720
,Havre,65700,69000,71450,85930,68670,59900,67310,75350,74190,60770,60730,66950,59730,58340,55270,65520,62030,58250
,Rågvete,12560,14130,13590,10600,12150,7750,4230,2760,3000,6470,.,.,.,.,.,.,4810,4370
,Höstrågvete,..,..,..,.,.,.,.,.,.,.,6280,4820,4170,2910,4750,4240,4550,3860
,Vårrågvete,..,..,..,.,.,.,.,.,.,.,550,320,90,10,160,..,260,510
,Blandsäd,8960,6260,7060,7000,7880,8180,8370,6770,7280,4710,4970,6230,5210,4980,5270,5210,4300,5180
,Majs,..,..,40,..,60,..,0,..,..,..,0,10,0,..,10,..,30,30
,Spannmål totalt,..,..,..,..,.,.,.,.,.,.,.,.,.,187400,199880,201670,199830,193900
,Ärter,4220,2960,2100,1890,2720,3740,2870,1980,1390,1380,2020,2260,1980,2090,2310,2200,2460,3460
,Åkerbönor,3210,3510,2930,3400,3940,5730,6860,8300,7850,8270,10360,12450,12340,10720,7070,7200,7240,7510
,Höstraps,7470,8230,8450,10260,8910,8700,4340,5690,5160,6950,8370,8660,12410,12380,13280,11810,13200,15530
,Vårraps,9400,7500,5740,4020,4910,5540,6340,9340,7350,3000,580,680,560,710,510,..,760,2050
,Höstrybs,60,70,40,60,20,40,10,40,0,40,40,90,60,100,110,..,70,..
,Vårrybs,1800,1560,660,370,300,320,260,250,320,70,60,70,10,30,20,..,200,300
,Stråsädesgrödor (exkl. majs) till grönfoder,..,..,..,..,.,.,6780,6420,8100,8340,7050,4800,6580,15120,5290,6510,8510,5770
,Majs till grönfoder,..,..,..,..,.,.,1310,1280,950,940,790,650,580,680,820,..,780,920
,Andra ettåriga grödor till grönfoder,..,..,..,..,.,.,2420,2370,2800,3870,3420,2950,3250,4510,3480,3490,3440,3620
,Oljelin,1700,1650,1140,710,1840,4530,3610,2340,480,580,520,570,360,310,150,..,140,410
,Matpotatis,3540,3130,3220,3070,2880,2790,2860,2560,2420,2230,2010,2250,2130,2010,2090,1970,1770,1700
,Potatis för stärkelse,120,110,110,60,110,140,120,60,60,60,80,80,80,110,90,70,80,70
,Sockerbetor,.,.,.,.,.,.,.,.,.,.,.,.,.,.,.,..,..,..
,"Slåttervall, första skörd",123340,124760,125170,137000,132460,140180,147320,146030,141490,146970,141990,124250,132220,137360,139020,136930,130810,140110
,"Slåttervall, återväxt",..,..,..,..,.,.,.,.,.,.,.,.,.,.,.,136930,.,.
,"Slåttervall, total vallskörd",..,..,..,..,.,.,.,.,.,.,.,.,.,.,.,136930,.,.
141 f.d. Göteborgs o Bohus län,Höstvete,.,.,.,.,.,.,.,.,.,.,.,.,.,.,.,.,.,.
,Vårvete,.,.,.,.,.,.,.,.,.,.,.,.,.,.,.,.,.,.
,Råg,.,.,.,.,.,.,.,.,.,.,.,.,.,.,.,.,.,.
,Höstkorn,.,.,.,.,.,.,.,.,.,.,.,.,.,.,.,.,.,.
,Vårkorn,.,.,.,.,.,.,.,.,.,.,.,.,.,.,.,.,.,.
,Havre,.,.,.,.,.,.,.,.,.,.,.,.,.,.,.,.,.,.
,Rågvete,.,.,.,.,.,.,.,.,.,.,.,.,.,.,.,.,.,.
,Höstrågvete,.,.,.,.,.,.,.,.,.,.,.,.,.,.,.,.,.,.
,Vårrågvete,.,.,.,.,.,.,.,.,.,.,.,.,.,.,.,.,.,.
,Blandsäd,.,.,.,.,.,.,.,.,.,.,.,.,.,.,.,.,.,.
,Majs,.,.,.,.,.,.,.,.,.,.,.,.,.,.,.,.,.,.
,Spannmål totalt,.,.,.,.,.,.,.,.,.,.,.,.,.,.,.,.,.,.
,Ärter,.,.,.,.,.,.,.,.,.,.,.,.,.,.,.,.,.,.
,Åkerbönor,.,.,.,.,.,.,.,.,.,.,.,.,.,.,.,.,.,.
,Höstraps,.,.,.,.,.,.,.,.,.,.,.,.,.,.,.,.,.,.
,Vårraps,.,.,.,.,.,.,.,.,.,.,.,.,.,.,.,.,.,.
,Höstrybs,.,.,.,.,.,.,.,.,.,.,.,.,.,.,.,.,.,.
,Vårrybs,.,.,.,.,.,.,.,.,.,.,.,.,.,.,.,.,.,.
,Stråsädesgrödor (exkl. majs) till grönfoder,.,.,.,.,.,.,.,.,.,.,.,.,.,.,.,.,.,.
,Majs till grönfoder,.,.,.,.,.,.,.,.,.,.,.,.,.,.,.,.,.,.
,Andra ettåriga grödor till grönfoder,.,.,.,.,.,.,.,.,.,.,.,.,.,.,.,.,.,.
,Oljelin,.,.,.,.,.,.,.,.,.,.,.,.,.,.,.,.,.,.
,Matpotatis,.,.,.,.,.,.,.,.,.,.,.,.,.,.,.,.,.,.
,Potatis för stärkelse,.,.,.,.,.,.,.,.,.,.,.,.,.,.,.,.,.,.
,Sockerbetor,.,.,.,.,.,.,.,.,.,.,.,.,.,.,.,.,.,.
,"Slåttervall, första skörd",.,.,.,.,.,.,.,.,.,.,.,.,.,.,.,.,.,.
,"Slåttervall, återväxt",.,.,.,.,.,.,.,.,.,.,.,.,.,.,.,.,.,.
,"Slåttervall, total vallskörd",.,.,.,.,.,.,.,.,.,.,.,.,.,.,.,.,.,.
15 f.d. Älvsborgs län,Höstvete,.,.,.,.,.,.,.,.,.,.,.,.,.,.,.,.,.,.
,Vårvete,.,.,.,.,.,.,.,.,.,.,.,.,.,.,.,.,.,.
,Råg,.,.,.,.,.,.,.,.,.,.,.,.,.,.,.,.,.,.
,Höstkorn,.,.,.,.,.,.,.,.,.,.,.,.,.,.,.,.,.,.
,Vårkorn,.,.,.,.,.,.,.,.,.,.,.,.,.,.,.,.,.,.
,Havre,.,.,.,.,.,.,.,.,.,.,.,.,.,.,.,.,.,.
,Rågvete,.,.,.,.,.,.,.,.,.,.,.,.,.,.,.,.,.,.
,Höstrågvete,.,.,.,.,.,.,.,.,.,.,.,.,.,.,.,.,.,.
,Vårrågvete,.,.,.,.,.,.,.,.,.,.,.,.,.,.,.,.,.,.
,Blandsäd,.,.,.,.,.,.,.,.,.,.,.,.,.,.,.,.,.,.
,Majs,.,.,.,.,.,.,.,.,.,.,.,.,.,.,.,.,.,.
,Spannmål totalt,.,.,.,.,.,.,.,.,.,.,.,.,.,.,.,.,.,.
,Ärter,.,.,.,.,.,.,.,.,.,.,.,.,.,.,.,.,.,.
,Åkerbönor,.,.,.,.,.,.,.,.,.,.,.,.,.,.,.,.,.,.
,Höstraps,.,.,.,.,.,.,.,.,.,.,.,.,.,.,.,.,.,.
,Vårraps,.,.,.,.,.,.,.,.,.,.,.,.,.,.,.,.,.,.
,Höstrybs,.,.,.,.,.,.,.,.,.,.,.,.,.,.,.,.,.,.
,Vårrybs,.,.,.,.,.,.,.,.,.,.,.,.,.,.,.,.,.,.
,Stråsädesgrödor (exkl. majs) till grönfoder,.,.,.,.,.,.,.,.,.,.,.,.,.,.,.,.,.,.
,Majs till grönfoder,.,.,.,.,.,.,.,.,.,.,.,.,.,.,.,.,.,.
,Andra ettåriga grödor till grönfoder,.,.,.,.,.,.,.,.,.,.,.,.,.,.,.,.,.,.
,Oljelin,.,.,.,.,.,.,.,.,.,.,.,.,.,.,.,.,.,.
,Matpotatis,.,.,.,.,.,.,.,.,.,.,.,.,.,.,.,.,.,.
,Potatis för stärkelse,.,.,.,.,.,.,.,.,.,.,.,.,.,.,.,.,.,.
,Sockerbetor,.,.,.,.,.,.,.,.,.,.,.,.,.,.,.,.,.,.
,"Slåttervall, första skörd",.,.,.,.,.,.,.,.,.,.,.,.,.,.,.,.,.,.
,"Slåttervall, återväxt",.,.,.,.,.,.,.,.,.,.,.,.,.,.,.,.,.,.
,"Slåttervall, total vallskörd",.,.,.,.,.,.,.,.,.,.,.,.,.,.,.,.,.,.
16 f.d. Skaraborgs län,Höstvete,.,.,.,.,.,.,.,.,.,.,.,.,.,.,.,.,.,.
,Vårvete,.,.,.,.,.,.,.,.,.,.,.,.,.,.,.,.,.,.
,Råg,.,.,.,.,.,.,.,.,.,.,.,.,.,.,.,.,.,.
,Höstkorn,.,.,.,.,.,.,.,.,.,.,.,.,.,.,.,.,.,.
,Vårkorn,.,.,.,.,.,.,.,.,.,.,.,.,.,.,.,.,.,.
,Havre,.,.,.,.,.,.,.,.,.,.,.,.,.,.,.,.,.,.
,Rågvete,.,.,.,.,.,.,.,.,.,.,.,.,.,.,.,.,.,.
,Höstrågvete,.,.,.,.,.,.,.,.,.,.,.,.,.,.,.,.,.,.
,Vårrågvete,.,.,.,.,.,.,.,.,.,.,.,.,.,.,.,.,.,.
,Blandsäd,.,.,.,.,.,.,.,.,.,.,.,.,.,.,.,.,.,.
,Majs,.,.,.,.,.,.,.,.,.,.,.,.,.,.,.,.,.,.
,Spannmål totalt,.,.,.,.,.,.,.,.,.,.,.,.,.,.,.,.,.,.
,Ärter,.,.,.,.,.,.,.,.,.,.,.,.,.,.,.,.,.,.
,Åkerbönor,.,.,.,.,.,.,.,.,.,.,.,.,.,.,.,.,.,.
,Höstraps,.,.,.,.,.,.,.,.,.,.,.,.,.,.,.,.,.,.
,Vårraps,.,.,.,.,.,.,.,.,.,.,.,.,.,.,.,.,.,.
,Höstrybs,.,.,.,.,.,.,.,.,.,.,.,.,.,.,.,.,.,.
,Vårrybs,.,.,.,.,.,.,.,.,.,.,.,.,.,.,.,.,.,.
,Stråsädesgrödor (exkl. majs) till grönfoder,.,.,.,.,.,.,.,.,.,.,.,.,.,.,.,.,.,.
,Majs till grönfoder,.,.,.,.,.,.,.,.,.,.,.,.,.,.,.,.,.,.
,Andra ettåriga grödor till grönfoder,.,.,.,.,.,.,.,.,.,.,.,.,.,.,.,.,.,.
,Oljelin,.,.,.,.,.,.,.,.,.,.,.,.,.,.,.,.,.,.
,Matpotatis,.,.,.,.,.,.,.,.,.,.,.,.,.,.,.,.,.,.
,Potatis för stärkelse,.,.,.,.,.,.,.,.,.,.,.,.,.,.,.,.,.,.
,Sockerbetor,.,.,.,.,.,.,.,.,.,.,.,.,.,.,.,.,.,.
,"Slåttervall, första skörd",.,.,.,.,.,.,.,.,.,.,.,.,.,.,.,.,.,.
,"Slåttervall, återväxt",.,.,.,.,.,.,.,.,.,.,.,.,.,.,.,.,.,.
,"Slåttervall, total vallskörd",.,.,.,.,.,.,.,.,.,.,.,.,.,.,.,.,.,.
17 Värmlands län,Höstvete,1870,3090,3080,3060,2780,3070,3110,940,1610,3820,4570,3260,5230,2840,5980,4910,4400,5280
,Vårvete,700,370,420,710,750,1020,2140,2840,3060,2940,3080,4150,3630,2930,2190,2200,2840,2740
,Råg,140,340,500,370,450,560,420,160,170,300,240,120,260,160,420,..,490,460
,Höstkorn,50,20,10,40,60,40,50,40,40,80,100,70,120,90,290,..,160,220
,Vårkorn,12140,9260,9240,10540,10750,11050,9190,11730,11400,9610,8350,8370,7850,8390,7740,8000,8360,7660
,Havre,11990,10610,11770,14340,12680,9980,11380,10220,8000,8740,9340,12020,11500,10360,10500,13760,12800,12490
,Rågvete,1480,2310,2360,2330,1880,930,190,140,340,620,.,.,.,.,.,.,120,160
,Höstrågvete,..,..,..,.,.,.,.,.,.,.,310,140,180,90,400,..,100,80
,Vårrågvete,..,..,..,.,.,.,.,.,.,.,300,180,140,50,30,..,20,..
,Blandsäd,680,700,250,530,720,800,750,580,780,750,410,460,730,300,630,..,570,550
,Majs,..,..,..,..,..,..,0,..,..,..,..,..,..,..,..,..,..,..
,Spannmål totalt,..,..,..,..,.,.,.,.,.,.,.,.,.,25200,28180,30460,29750,29560
,Ärter,620,490,320,220,330,460,510,220,210,310,250,520,400,600,560,..,600,720
,Åkerbönor,..,180,130,200,130,260,440,480,400,390,860,1040,1320,950,580,880,770,790
,Höstraps,20,90,210,220,160,100,220,90,30,30,30,120,260,260,460,630,350,660
,Vårraps,760,680,550,510,620,760,890,1570,1760,580,190,290,210,280,130,..,440,950
,Höstrybs,110,130,60,50,..,..,10,30,..,20,..,50,..,0,50,..,..,20
,Vårrybs,1300,830,410,230,370,270,150,300,200,260,270,60,80,40,250,..,70,80
,Stråsädesgrödor (exkl. majs) till grönfoder,..,..,..,..,.,.,1870,2360,2460,3410,3210,2420,2250,5410,3250,2180,3190,1900
,Majs till grönfoder,..,..,..,..,.,.,60,90,70,80,130,140,140,130,150,..,100,120
,Andra ettåriga grödor till grönfoder,..,..,..,..,.,.,20,100,80,250,380,410,500,1030,800,..,1050,1000
,Oljelin,..,0,..,..,..,70,..,..,..,..,10,30,20,..,..,..,..,..
,Matpotatis,620,560,560,520,510,470,490,380,380,330,290,300,300,250,220,200,190,180
,Potatis för stärkelse,..,..,..,..,10,10,..,..,..,..,..,..,..,..,..,..,..,..
,Sockerbetor,.,.,.,.,.,.,.,.,.,.,.,.,.,.,.,..,..,..
,"Slåttervall, första skörd",42810,43470,48240,43470,45360,48100,50210,45030,51410,47850,44260,42330,43220,44020,43030,43410,39660,40550
,"Slåttervall, återväxt",..,..,..,..,.,.,.,.,.,.,.,.,.,.,.,43410,.,.
,"Slåttervall, total vallskörd",..,..,..,..,.,.,.,.,.,.,.,.,.,.,.,43410,.,.
18 Örebro län,Höstvete,8120,9850,11690,11140,9260,10810,11920,9240,5330,12910,15330,10610,15800,12400,18080,16670,19590,19150
,Vårvete,6080,5100,4260,5410,5820,7210,7380,7350,9390,7450,6640,8560,6410,6210,4020,4170,3540,4300
,Råg,960,1390,1420,1490,1820,860,540,390,370,410,500,270,370,540,640,..,580,590
,Höstkorn,20,20,30,20,80,230,160,100,50,110,230,300,550,540,950,1050,1290,940
,Vårkorn,18520,13320,13070,17300,17860,12900,13240,16900,18200,15990,13590,15470,14460,16490,11860,12980,10830,10590
,Havre,13000,14120,14830,16640,15220,12800,13900,14360,15150,13500,13150,14430,11300,11170,11090,13450,12770,11430
,Rågvete,1210,1880,1980,1690,1320,700,570,580,490,1320,.,.,.,.,.,.,960,1250
,Höstrågvete,..,..,..,.,.,.,.,.,.,.,1140,750,680,420,930,..,860,1030
,Vårrågvete,..,..,..,.,.,.,.,.,.,.,290,130,80,20,10,..,100,210
,Blandsäd,520,530,430,470,340,970,520,380,130,950,620,500,200,300,340,..,580,80
,Majs,..,..,..,20,..,..,0,..,..,..,..,..,..,..,..,..,..,..
,Spannmål totalt,..,..,..,..,.,.,.,.,.,.,.,.,.,48090,47920,50400,50150,48320
,Ärter,1000,900,710,510,1020,1620,1050,950,700,940,1300,1390,1240,1230,1190,1160,980,1110
,Åkerbönor,30,10,60,40,20,140,380,500,450,680,750,870,860,730,480,590,550,590
,Höstraps,220,330,460,790,360,710,960,940,260,1130,1640,1530,2580,3110,3880,2910,3380,3540
,Vårraps,3080,3460,3140,2080,3020,3600,2840,3040,2700,1010,320,380,550,540,240,..,390,890
,Höstrybs,100,40,30,..,..,30,20,10,..,60,20,..,30,20,20,..,30,30
,Vårrybs,490,340,170,130,60,30,0,70,110,30,10,10,..,..,..,..,..,..
,Stråsädesgrödor (exkl. majs) till grönfoder,..,..,..,..,.,.,1320,1070,1480,720,1620,1140,2100,2950,2280,1280,870,980
,Majs till grönfoder,..,..,..,..,.,.,200,160,30,50,80,80,20,30,50,..,30,30
,Andra ettåriga grödor till grönfoder,..,..,..,..,.,.,40,170,280,230,230,230,150,180,100,100,150,190
,Oljelin,290,290,120,120,500,1090,470,230,170,220,360,300,200,120,80,..,170,260
,Matpotatis,790,690,680,590,670,610,580,470,470,520,460,470,480,450,440,440,420,420
,Potatis för stärkelse,..,..,..,..,..,0,0,..,..,..,0,..,..,10,0,..,10,..
,Sockerbetor,.,.,.,.,.,.,.,.,.,.,.,.,.,.,.,..,..,..
,"Slåttervall, första skörd",21640,21570,24040,20140,24520,26510,26470,24860,27470,25370,27150,25000,21530,25770,27850,24100,21480,18820
,"Slåttervall, återväxt",..,..,..,..,.,.,.,.,.,.,.,.,.,.,.,24100,.,.
,"Slåttervall, total vallskörd",..,..,..,..,.,.,.,.,.,.,.,.,.,.,.,24100,.,.
19 Västmanlands län,Höstvete,10010,16380,15680,15650,13140,10980,16200,9450,4430,18610,19930,12940,20150,14220,21070,19180,24020,22300
,Vårvete,8380,5190,3880,5730,4980,8590,6470,6980,10690,7460,6440,7520,5230,6470,4050,4610,4040,3970
,Råg,350,420,300,360,510,170,330,240,210,270,230,80,290,160,630,..,180,260
,Höstkorn,140,90,10,30,130,60,60,0,50,50,90,170,270,430,620,..,590,510
,Vårkorn,25320,18750,15380,20910,23550,17040,16140,19940,19250,16380,15720,18710,16780,20080,15210,15430,12370,12380
,Havre,15240,16220,15530,16130,15150,12770,13380,15810,17590,14120,14470,14190,11760,12090,12900,15060,12160,12640
,Rågvete,650,950,870,880,410,150,140,250,230,680,.,.,.,.,.,.,610,770
,Höstrågvete,..,..,..,.,.,.,.,.,.,.,800,400,490,250,620,..,600,740
,Vårrågvete,..,..,..,.,.,.,.,.,.,.,50,140,60,40,30,..,..,..
,Blandsäd,710,700,480,500,650,510,660,520,560,430,470,460,180,310,220,..,270,300
,Majs,..,..,10,..,70,..,0,70,80,70,..,..,..,..,0,..,..,..
,Spannmål totalt,..,..,..,..,.,.,.,.,.,.,.,.,.,54050,55350,55790,54240,53140
,Ärter,1510,1370,850,630,1110,1600,1310,1280,990,1280,1800,2260,2060,2210,1900,2030,1750,2450
,Åkerbönor,150,150,80,130,160,540,550,680,750,1000,1260,1350,1330,1000,800,1020,1010,1310
,Höstraps,60,110,180,240,180,260,610,580,140,580,1070,980,2070,1790,2580,2230,2020,1480
,Vårraps,4680,3920,3230,1990,3290,3790,3460,4970,4960,950,230,960,900,1040,330,590,730,1580
,Höstrybs,130,210,110,80,..,60,40,110,70,200,130,180,220,140,300,..,300,60
,Vårrybs,560,560,100,80,30,100,60,90,130,40,..,10,20,..,30,..,60,70
,Stråsädesgrödor (exkl. majs) till grönfoder,..,..,..,..,.,.,180,340,150,250,360,1280,840,1290,610,..,700,330
,Majs till grönfoder,..,..,..,..,.,.,50,..,..,..,70,70,70,50,80,..,80,50
,Andra ettåriga grödor till grönfoder,..,..,..,..,.,.,60,100,200,200,120,70,190,570,170,..,240,130
,Oljelin,430,300,140,80,280,1190,660,340,110,280,280,750,170,120,160,..,450,680
,Matpotatis,140,110,60,60,50,50,50,50,50,40,30,30,30,0,0,0,10,10
,Potatis för stärkelse,..,..,..,..,..,..,..,..,..,..,..,..,..,..,..,..,..,..
,Sockerbetor,.,.,.,.,.,.,.,.,.,.,.,.,.,.,.,..,..,..
,"Slåttervall, första skörd",..,..,13280,..,..,..,..,..,..,..,14430,..,13500,20450,20450,18430,..,14420
,"Slåttervall, återväxt",..,..,..,..,.,.,.,.,.,.,.,.,.,.,.,18430,.,.
,"Slåttervall, total vallskörd",..,..,..,..,.,.,.,.,.,.,.,.,.,.,.,18430,.,.
20 Dalarnas län,Höstvete,980,1480,1440,2030,2110,1360,1850,1930,1020,2800,3220,1960,3170,2340,2950,2460,3590,3470
,Vårvete,720,720,860,880,660,960,1340,1620,2390,2150,1860,2420,2290,2050,2040,1490,1260,1400
,Råg,210,410,340,360,520,330,330,300,220,200,230,170,290,220,440,..,570,510
,Höstkorn,..,..,..,..,..,..,0,..,..,..,.,..,40,40,20,..,60,90
,Vårkorn,12190,9670,9600,11230,10720,9070,7790,8080,7790,8000,7310,7760,6490,7050,7210,6760,5870,6160
,Havre,3580,3540,3860,3890,3170,3270,3870,4130,4230,3910,4010,4710,5010,4400,4530,6120,6330,5840
,Rågvete,80,100,110,200,230,250,160,140,60,60,.,.,.,.,.,.,120,90
,Höstrågvete,..,..,..,.,.,.,.,.,.,.,150,140,120,90,120,..,110,90
,Vårrågvete,..,..,..,.,.,.,.,.,.,.,20,70,20,20,..,..,..,..
,Blandsäd,320,380,150,190,190,230,170,240,270,270,210,290,350,330,340,..,200,420
,Majs,..,..,10,..,..,..,..,0,..,..,0,0,10,..,..,..,..,..
,Spannmål totalt,..,..,..,..,.,.,.,.,.,.,.,.,.,16540,17660,17960,17990,17980
,Ärter,310,250,160,190,180,230,330,220,220,320,410,320,270,340,560,600,440,600
,Åkerbönor,40,50,0,20,..,30,0,20,40,40,..,80,20,40,30,..,10,120
,Höstraps,..,20,..,..,..,40,50,90,40,120,160,240,590,320,300,..,480,250
,Vårraps,110,190,80,100,130,250,180,150,190,100,70,90,40,20,20,..,..,130
,Höstrybs,..,..,..,..,..,..,..,0,..,..,..,70,40,20,30,..,70,..
,Vårrybs,540,400,400,400,440,520,580,640,680,210,180,170,160,200,120,..,180,440
,Stråsädesgrödor (exkl. majs) till grönfoder,..,..,..,..,.,.,1270,870,1250,1040,1080,780,880,2000,820,..,1210,690
,Majs till grönfoder,..,..,..,..,.,.,..,..,..,..,..,..,..,10,10,..,..,..
,Andra ettåriga grödor till grönfoder,..,..,..,..,.,.,50,120,150,180,550,550,540,890,790,..,810,600
,Oljelin,10,..,..,..,..,0,..,0,..,0,10,..,0,..,..,..,..,..
,Matpotatis,870,860,880,930,960,930,1020,960,950,840,830,850,810,790,780,790,800,830
,Potatis för stärkelse,..,..,..,..,..,0,10,..,..,..,..,..,..,..,..,..,..,..
,Sockerbetor,.,.,.,.,.,.,.,.,.,.,.,.,.,.,.,..,..,..
,"Slåttervall, första skörd",25250,25280,24800,28370,29250,29990,28200,25860,27930,28070,26540,18190,21780,27760,20430,26260,24050,23210
,"Slåttervall, återväxt",..,..,..,..,.,.,.,.,.,.,.,.,.,.,.,26260,.,.
,"Slåttervall, total vallskörd",..,..,..,..,.,.,.,.,.,.,.,.,.,.,.,26260,.,.
21 Gävleborgs län,Höstvete,480,560,720,830,820,510,680,580,410,980,1270,670,1180,700,1450,770,1390,1460
,Vårvete,360,450,500,700,640,700,880,1290,1270,1560,2060,2540,2700,1340,1690,2290,1840,1570
,Råg,40,20,50,60,30,80,30,10,20,60,20,20,40,60,110,..,60,60
,Höstkorn,..,..,..,..,..,..,..,..,..,..,..,..,30,30,20,..,10,20
,Vårkorn,11480,10250,10140,11300,11060,9400,9390,9290,9520,9780,8860,8010,7990,7590,8000,8810,8660,8510
,Havre,4450,4400,3740,3820,3540,3270,3560,3560,3240,3360,2770,3230,2850,2670,2480,3520,3580,3450
,Rågvete,50,60,60,60,120,40,20,40,20,100,.,.,.,.,.,.,80,30
,Höstrågvete,..,..,..,.,.,.,.,.,.,.,90,90,70,40,20,..,..,30
,Vårrågvete,..,..,..,.,.,.,.,.,.,.,0,0,20,..,..,..,..,..
,Blandsäd,620,340,480,480,370,410,290,200,240,260,370,300,330,190,330,..,150,150
,Majs,..,..,..,..,..,..,0,10,..,0,..,..,..,..,..,..,..,..
,Spannmål totalt,..,..,..,..,.,.,.,.,.,.,.,.,.,12620,14110,15640,15770,15240
,Ärter,80,70,20,60,110,120,80,90,70,130,220,220,120,190,290,..,200,310
,Åkerbönor,60,40,30,20,30,10,20,20,50,40,30,20,20,10,10,..,..,..
,Höstraps,..,..,..,..,..,30,40,30,40,60,10,30,150,110,60,..,70,..
,Vårraps,..,20,40,70,50,80,20,30,60,20,10,20,30,30,10,..,..,90
,Höstrybs,..,..,..,..,..,..,10,30,0,20,10,10,40,30,60,..,40,..
,Vårrybs,230,340,220,220,150,240,130,190,220,110,200,360,430,420,240,..,410,470
,Stråsädesgrödor (exkl. majs) till grönfoder,..,..,..,..,.,.,1560,2160,1860,1590,1680,1950,1410,3120,1560,1140,1080,1370
,Majs till grönfoder,..,..,..,..,.,.,0,..,0,..,..,..,0,..,..,..,..,..
,Andra ettåriga grödor till grönfoder,..,..,..,..,.,.,340,210,290,460,1680,1630,1830,2020,1950,1640,2340,1770
,Oljelin,10,10,0,0,..,10,10,0,0,..,0,0,..,0,..,..,..,..
,Matpotatis,360,310,310,320,310,290,250,240,220,200,200,180,190,170,170,150,120,130
,Potatis för stärkelse,..,..,..,..,..,0,0,..,..,..,..,..,..,..,..,..,..,..
,Sockerbetor,.,.,.,.,.,.,.,.,.,.,.,.,.,.,.,..,..,..
,"Slåttervall, första skörd",30300,34650,35120,37280,39810,39200,40910,28090,36000,35410,35130,36070,32970,35420,37590,33660,35150,32510
,"Slåttervall, återväxt",..,..,..,..,.,.,.,.,.,.,.,.,.,.,.,33660,.,.
,"Slåttervall, total vallskörd",..,..,..,..,.,.,.,.,.,.,.,.,.,.,.,33660,.,.
22 Västernorrlands län,Höstvete,20,30,50,40,..,20,90,30,70,70,50,80,100,100,200,..,140,130
,Vårvete,..,..,30,30,..,0,0,150,150,310,380,530,340,140,250,..,270,260
,Råg,..,..,0,10,..,0,0,..,..,0,..,0,0,0,0,..,0,0
,Höstkorn,..,..,..,..,..,..,..,..,..,..,..,..,..,..,..,..,..,..
,Vårkorn,4320,3730,3360,3640,3340,3160,3280,3320,3120,3070,2900,2870,2640,2060,2600,3150,2800,2720
,Havre,490,210,330,450,200,420,430,260,450,360,300,280,280,220,340,..,370,440
,Rågvete,70,40,50,250,190,30,20,10,40,10,.,.,.,.,.,.,..,..
,Höstrågvete,..,..,..,.,.,.,.,.,.,.,20,..,60,10,10,..,..,..
,Vårrågvete,..,..,..,.,.,.,.,.,.,.,..,..,10,..,..,..,..,..
,Blandsäd,..,260,110,60,200,50,240,160,90,80,50,130,120,150,130,..,80,270
,Majs,..,..,..,..,..,..,0,..,..,..,..,..,..,..,..,..,..,..
,Spannmål totalt,..,..,..,..,.,.,.,.,.,.,.,.,.,2700,3520,3900,3670,3830
,Ärter,0,0,0,0,0,0,0,..,..,..,10,0,10,..,..,..,..,..
,Åkerbönor,..,..,..,..,..,..,10,..,..,..,0,10,..,..,..,..,..,..
,Höstraps,..,..,..,..,..,..,..,..,..,..,..,..,..,0,..,..,..,..
,Vårraps,..,..,..,..,0,0,10,10,10,0,..,..,0,0,..,..,..,..
,Höstrybs,..,..,..,..,..,..,..,..,..,..,0,..,..,..,..,..,..,..
,Vårrybs,..,..,..,..,..,0,0,0,20,10,30,60,90,80,110,..,80,180
,Stråsädesgrödor (exkl. majs) till grönfoder,..,..,..,..,.,.,1870,1820,1360,1620,1600,1390,1520,2120,1280,1200,1630,910
,Majs till grönfoder,..,..,..,..,.,.,0,..,0,..,..,..,..,..,..,..,..,..
,Andra ettåriga grödor till grönfoder,..,..,..,..,.,.,90,80,80,110,830,990,1160,1390,1400,1580,1370,1540
,Oljelin,..,..,..,..,..,0,..,..,..,..,..,..,..,..,..,..,..,..
,Matpotatis,230,210,210,180,170,180,160,170,160,150,160,160,160,150,150,140,140,130
,Potatis för stärkelse,..,..,..,..,..,0,0,..,..,..,..,..,..,..,0,0,0,0
,Sockerbetor,.,.,.,.,.,.,.,.,.,.,.,.,.,.,.,..,..,..
,"Slåttervall, första skörd",31800,30780,30230,37030,38060,34270,32870,30170,31430,32710,32930,28370,26010,30110,27260,21540,25910,28310
,"Slåttervall, återväxt",..,..,..,..,.,.,.,.,.,.,.,.,.,.,.,21540,.,.
,"Slåttervall, total vallskörd",..,..,..,..,.,.,.,.,.,.,.,.,.,.,.,21540,.,.
23 Jämtlands län,Höstvete,..,..,..,..,150,20,20,..,0,50,10,90,20,20,10,..,..,..
,Vårvete,10,0,10,20,..,30,20,30,30,20,..,0,10,0,0,..,10,20
,Råg,..,..,..,10,..,..,0,..,0,10,10,..,0,0,10,..,0,..
,Höstkorn,..,..,..,..,..,..,..,..,..,..,..,..,..,..,..,..,..,..
,Vårkorn,1940,1860,1920,2070,1970,1970,2120,2060,2270,2000,1520,1750,1940,950,1420,1450,1580,1770
,Havre,140,140,120,110,290,100,90,50,90,50,70,190,130,90,80,..,80,50
,Rågvete,..,..,..,..,..,..,0,..,..,..,.,.,.,.,.,.,..,..
,Höstrågvete,..,..,..,.,.,.,.,.,.,.,..,..,..,..,..,..,..,..
,Vårrågvete,..,..,..,.,.,.,.,.,.,.,..,..,..,..,..,..,..,..
,Blandsäd,..,50,0,60,10,50,30,20,30,10,30,40,10,0,20,..,70,80
,Majs,..,..,10,..,..,..,..,..,..,..,..,..,..,..,..,..,..,..
,Spannmål totalt,..,..,..,..,.,.,.,.,.,.,.,.,.,1070,1530,1610,1750,1910
,Ärter,0,..,0,10,0,0,0,0,0,0,0,0,..,0,..,..,..,..
,Åkerbönor,..,..,0,10,0,..,..,..,..,..,0,..,..,..,..,..,..,..
,Höstraps,..,..,..,..,..,0,0,..,..,..,..,..,..,..,..,..,..,..
,Vårraps,..,..,..,..,..,0,..,..,..,0,0,0,10,0,..,..,..,..
,Höstrybs,..,..,..,..,..,..,..,..,..,..,..,..,..,..,..,..,..,..
,Vårrybs,..,..,..,..,..,..,0,..,0,..,..,..,0,10,10,..,20,10
,Stråsädesgrödor (exkl. majs) till grönfoder,..,..,..,..,.,.,1750,2030,1390,1500,1540,1340,1340,2160,1420,1240,1250,1120
,Majs till grönfoder,..,..,..,..,.,.,..,..,..,..,..,..,..,..,..,..,..,..
,Andra ettåriga grödor till grönfoder,..,..,..,..,.,.,190,160,130,140,1170,1190,1290,1470,1650,1660,1850,1810
,Oljelin,..,..,..,..,..,..,..,..,..,..,..,..,..,..,..,..,..,..
,Matpotatis,180,180,180,170,170,140,140,120,130,120,120,130,120,120,130,120,110,110
,Potatis för stärkelse,..,..,..,..,..,..,..,..,..,..,..,..,..,..,..,..,..,..
,Sockerbetor,.,.,.,.,.,.,.,.,.,.,.,.,.,.,.,..,..,..
,"Slåttervall, första skörd",27850,29510,29870,29980,..,..,30750,29350,..,26520,28750,25510,27880,29440,28560,23950,26830,26950
,"Slåttervall, återväxt",..,..,..,..,.,.,.,.,.,.,.,.,.,.,.,23950,.,.
,"Slåttervall, total vallskörd",..,..,..,..,.,.,.,.,.,.,.,.,.,.,.,23950,.,.
24 Västerbottens län,Höstvete,..,..,..,..,..,10,..,..,10,..,..,20,10,0,10,..,..,10
,Vårvete,..,10,20,0,0,0,160,50,70,110,20,40,60,30,40,..,200,230
,Råg,..,..,..,..,0,0,0,0,..,0,..,..,..,..,..,..,..,..
,Höstkorn,..,..,..,..,..,..,..,..,..,..,..,..,..,..,..,..,..,..
,Vårkorn,10340,8460,8250,8820,7820,8030,7530,7040,8360,8290,6040,7050,7050,6720,6920,6500,7150,6820
,Havre,1220,1310,1170,1050,590,930,850,790,620,490,500,710,860,470,580,..,360,520
,Rågvete,50,50,10,10,..,10,0,0,0,0,.,.,.,.,.,.,..,..
,Höstrågvete,..,..,..,.,.,.,.,.,.,.,10,..,..,..,..,..,..,..
,Vårrågvete,..,..,..,.,.,.,.,.,.,.,..,..,0,..,..,..,..,..
,Blandsäd,..,470,150,190,170,200,220,190,100,190,170,260,260,250,160,..,300,340
,Majs,..,..,..,..,..,..,..,0,..,..,..,..,..,..,..,..,..,..
,Spannmål totalt,..,..,..,..,.,.,.,.,.,.,.,.,.,7470,7700,7380,8000,7930
,Ärter,..,0,10,0,..,0,0,..,0,..,..,10,0,..,..,..,..,..
,Åkerbönor,..,..,..,..,..,..,..,..,..,..,..,..,..,..,..,..,..,..
,Höstraps,..,..,..,..,..,0,..,..,0,0,0,0,0,0,..,..,..,..
,Vårraps,..,0,0,0,0,0,0,0,0,..,0,0,0,0,0,..,..,..
,Höstrybs,..,..,..,..,..,0,..,..,..,..,..,..,..,..,..,..,..,..
,Vårrybs,..,0,10,20,10,20,10,20,20,50,50,80,70,90,120,..,100,90
,Stråsädesgrödor (exkl. majs) till grönfoder,..,..,..,..,.,.,2920,2590,2310,2630,2360,1760,1430,1400,1650,1950,1340,1370
,Majs till grönfoder,..,..,..,..,.,.,..,..,..,..,..,..,..,..,..,..,..,..
,Andra ettåriga grödor till grönfoder,..,..,..,..,.,.,260,120,120,100,2380,2500,2460,2710,2890,3020,2860,2880
,Oljelin,..,..,..,..,..,..,..,..,..,..,..,..,..,..,..,..,..,..
,Matpotatis,500,430,400,400,390,390,380,360,320,310,270,290,250,240,220,210,220,190
,Potatis för stärkelse,0,..,..,..,..,10,0,..,..,..,..,..,..,..,..,..,..,..
,Sockerbetor,.,.,.,.,.,.,.,.,.,.,.,.,.,.,.,..,..,..
,"Slåttervall, första skörd",41040,42220,37160,41850,45320,40330,40320,43180,42080,39250,37150,35350,32940,41210,39790,32520,33890,39600
,"Slåttervall, återväxt",..,..,..,..,.,.,.,.,.,.,.,.,.,.,.,32520,.,.
,"Slåttervall, total vallskörd",..,..,..,..,.,.,.,.,.,.,.,.,.,.,.,32520,.,.
25 Norrbottens län,Höstvete,..,..,..,..,..,0,..,0,..,0,0,0,10,10,..,..,..,..
,Vårvete,..,0,..,0,50,0,10,60,..,90,30,80,70,20,130,..,50,80
,Råg,..,..,..,..,..,0,..,0,0,0,..,0,..,..,..,..,..,..
,Höstkorn,..,..,..,..,..,..,..,..,..,..,..,..,..,..,..,..,..,..
,Vårkorn,4050,3580,3410,3850,3700,4060,3860,3210,3640,3810,2810,3160,2960,2440,2400,2320,2700,2810
,Havre,830,500,470,550,270,470,490,410,320,310,280,350,500,350,430,450,350,310
,Rågvete,..,..,..,..,..,..,..,..,..,0,.,.,.,.,.,.,..,..
,Höstrågvete,..,..,..,.,.,.,.,.,.,.,..,..,..,..,..,..,..,..
,Vårrågvete,..,..,..,.,.,.,.,.,.,.,..,10,..,..,..,..,..,..
,Blandsäd,..,140,110,120,100,60,10,40,60,100,70,40,70,..,50,..,30,30
,Majs,..,..,..,..,..,..,0,..,..,..,..,..,0,0,..,..,..,..
,Spannmål totalt,..,..,..,..,.,.,.,.,.,.,.,.,.,2820,3020,2870,3120,3240
,Ärter,..,..,..,0,..,..,10,10,..,10,0,0,0,0,..,..,..,..
,Åkerbönor,..,..,..,..,..,..,..,..,0,0,..,..,0,..,..,..,..,..
,Höstraps,..,..,..,..,..,..,..,0,..,..,..,..,..,..,..,..,..,..
,Vårraps,..,..,10,..,..,0,0,0,0,0,0,0,0,0,0,..,..,..
,Höstrybs,..,..,..,..,..,..,0,0,..,..,0,0,..,..,..,..,..,..
,Vårrybs,..,10,30,60,50,30,40,50,110,150,70,120,80,30,70,..,70,80
,Stråsädesgrödor (exkl. majs) till grönfoder,..,..,..,..,.,.,1090,1100,1180,1170,910,660,600,710,420,580,450,580
,Majs till grönfoder,..,..,..,..,.,.,0,..,..,..,..,..,..,..,..,..,..,..
,Andra ettåriga grödor till grönfoder,..,..,..,..,.,.,30,20,20,10,960,1170,790,1070,1150,..,1190,900
,Oljelin,..,..,..,..,..,0,..,..,..,..,..,..,0,..,..,..,..,..
,Matpotatis,670,630,630,580,580,570,580,520,520,480,420,430,450,370,370,330,300,250
,Potatis för stärkelse,..,..,..,..,..,20,0,..,..,..,..,..,..,..,0,..,..,..
,Sockerbetor,.,.,.,.,.,.,.,.,.,.,.,.,.,.,.,..,..,..
,"Slåttervall, första skörd",23830,..,..,..,..,..,..,22440,..,22460,23110,18490,18070,21060,20510,21990,20790,19070
,"Slåttervall, återväxt",..,..,..,..,.,.,.,.,.,.,.,.,.,.,.,21990,.,.
,"Slåttervall, total vallskörd",..,..,..,..,.,.,.,.,.,.,.,.,.,.,.,21990,.,.
,,,,,,,,,,,,,,,,,,,
"Hektar- och totalskörd efter Län, Gröda, Variabel, Tabelluppgift och År",,,,,,,,,,,,,,,,,,,
Gröda:,,,,,,,,,,,,,,,,,,,
Höstvete:,,,,,,,,,,,,,,,,,,,
14 % vattenhalt.,,,,,,,,,,,,,,,,,,,
,,,,,,,,,,,,,,,,,,,
Gröda:,,,,,,,,,,,,,,,,,,,
Vårvete:,,,,,,,,,,,,,,,,,,,
14 % vattenhalt.,,,,,,,,,,,,,,,,,,,
,,,,,,,,,,,,,,,,,,,
Gröda:,,,,,,,,,,,,,,,,,,,
Råg:,,,,,,,,,,,,,,,,,,,
14 % vattenhalt.,,,,,,,,,,,,,,,,,,,
,,,,,,,,,,,,,,,,,,,
Gröda:,,,,,,,,,,,,,,,,,,,
Höstkorn:,,,,,,,,,,,,,,,,,,,
Redovisas från 1995.,,,,,,,,,,,,,,,,,,,
,,,,,,,,,,,,,,,,,,,
Gröda:,,,,,,,,,,,,,,,,,,,
Höstkorn:,,,,,,,,,,,,,,,,,,,
14 % vattenhalt.,,,,,,,,,,,,,,,,,,,
,,,,,,,,,,,,,,,,,,,
Gröda:,,,,,,,,,,,,,,,,,,,
Vårkorn:,,,,,,,,,,,,,,,,,,,
14 % vattenhalt.,,,,,,,,,,,,,,,,,,,
,,,,,,,,,,,,,,,,,,,
Gröda:,,,,,,,,,,,,,,,,,,,
Havre:,,,,,,,,,,,,,,,,,,,
14 % vattenhalt.,,,,,,,,,,,,,,,,,,,
,,,,,,,,,,,,,,,,,,,
Gröda:,,,,,,,,,,,,,,,,,,,
Rågvete:,,,,,,,,,,,,,,,,,,,
Redovisas fram till 2014. Särredovisas därefter som Höstrågvete och Vårrågvete.,,,,,,,,,,,,,,,,,,,
,,,,,,,,,,,,,,,,,,,
Gröda:,,,,,,,,,,,,,,,,,,,
Rågvete:,,,,,,,,,,,,,,,,,,,
14 % vattenhalt.,,,,,,,,,,,,,,,,,,,
,,,,,,,,,,,,,,,,,,,
Gröda:,,,,,,,,,,,,,,,,,,,
Höstrågvete:,,,,,,,,,,,,,,,,,,,
Redovisas från 2015.,,,,,,,,,,,,,,,,,,,
,,,,,,,,,,,,,,,,,,,
Gröda:,,,,,,,,,,,,,,,,,,,
Höstrågvete:,,,,,,,,,,,,,,,,,,,
14 % vattenhalt.,,,,,,,,,,,,,,,,,,,
,,,,,,,,,,,,,,,,,,,
Gröda:,,,,,,,,,,,,,,,,,,,
Vårrågvete:,,,,,,,,,,,,,,,,,,,
Redovisas från 2015.,,,,,,,,,,,,,,,,,,,
,,,,,,,,,,,,,,,,,,,
Gröda:,,,,,,,,,,,,,,,,,,,
Vårrågvete:,,,,,,,,,,,,,,,,,,,
14 % vattenhalt.,,,,,,,,,,,,,,,,,,,
,,,,,,,,,,,,,,,,,,,
Gröda:,,,,,,,,,,,,,,,,,,,
Blandsäd:,,,,,,,,,,,,,,,,,,,
"Skördestatistik saknas för länen åren 1979-1998 och för riket åren 1981-1994.
Med blandsäd avses stråsädesblandningar och stråsäd/baljväxtblandningar.",,,,,,,,,,,,,,,,,,,
,,,,,,,,,,,,,,,,,,,
Gröda:,,,,,,,,,,,,,,,,,,,
Blandsäd:,,,,,,,,,,,,,,,,,,,
14 % vattenhalt.,,,,,,,,,,,,,,,,,,,
,,,,,,,,,,,,,,,,,,,
Gröda:,,,,,,,,,,,,,,,,,,,
Majs:,,,,,,,,,,,,,,,,,,,
14 % vattenhalt.,,,,,,,,,,,,,,,,,,,
,,,,,,,,,,,,,,,,,,,
Gröda:,,,,,,,,,,,,,,,,,,,
Spannmål totalt:,,,,,,,,,,,,,,,,,,,
Redovisas från 2018.,,,,,,,,,,,,,,,,,,,
,,,,,,,,,,,,,,,,,,,
Gröda:,,,,,,,,,,,,,,,,,,,
Spannmål totalt:,,,,,,,,,,,,,,,,,,,
14 % vattenhalt.,,,,,,,,,,,,,,,,,,,
,,,,,,,,,,,,,,,,,,,
Gröda:,,,,,,,,,,,,,,,,,,,
Ärter:,,,,,,,,,,,,,,,,,,,
Redovisas från 1996.,,,,,,,,,,,,,,,,,,,
,,,,,,,,,,,,,,,,,,,
Gröda:,,,,,,,,,,,,,,,,,,,
Ärter:,,,,,,,,,,,,,,,,,,,
15 % vattenhalt.,,,,,,,,,,,,,,,,,,,
,,,,,,,,,,,,,,,,,,,
Gröda:,,,,,,,,,,,,,,,,,,,
Åkerbönor:,,,,,,,,,,,,,,,,,,,
Redovisas från 2004.,,,,,,,,,,,,,,,,,,,
,,,,,,,,,,,,,,,,,,,
Gröda:,,,,,,,,,,,,,,,,,,,
Åkerbönor:,,,,,,,,,,,,,,,,,,,
15 % vattenhalt.,,,,,,,,,,,,,,,,,,,
,,,,,,,,,,,,,,,,,,,
Gröda:,,,,,,,,,,,,,,,,,,,
Höstraps:,,,,,,,,,,,,,,,,,,,
9 % vattenhalt.,,,,,,,,,,,,,,,,,,,
,,,,,,,,,,,,,,,,,,,
Gröda:,,,,,,,,,,,,,,,,,,,
Vårraps:,,,,,,,,,,,,,,,,,,,
9 % vattenhalt.,,,,,,,,,,,,,,,,,,,
,,,,,,,,,,,,,,,,,,,
Gröda:,,,,,,,,,,,,,,,,,,,
Höstrybs:,,,,,,,,,,,,,,,,,,,
9 % vattenhalt.,,,,,,,,,,,,,,,,,,,
,,,,,,,,,,,,,,,,,,,
Gröda:,,,,,,,,,,,,,,,,,,,
Vårrybs:,,,,,,,,,,,,,,,,,,,
9 % vattenhalt.,,,,,,,,,,,,,,,,,,,
,,,,,,,,,,,,,,,,,,,
Gröda:,,,,,,,,,,,,,,,,,,,
Stråsädesgrödor (exkl. majs) till grönfoder:,,,,,,,,,,,,,,,,,,,
"Torrsubstanshalt 100 % och vattenhalt 0 %.
Uppgifter från 1965-2017 har beräknats om från 30 % torrsubstanshalt till 100 % torrsubstanshalt på avrundade värden.",,,,,,,,,,,,,,,,,,,
,,,,,,,,,,,,,,,,,,,
Gröda:,,,,,,,,,,,,,,,,,,,
Majs till grönfoder:,,,,,,,,,,,,,,,,,,,
"Torrsubstanshalt 100 % och vattenhalt 0 %.
Uppgifter från 1965-2017 har beräknats om från 30 % torrsubstanshalt till 100 % torrsubstanshalt på avrundade värden.",,,,,,,,,,,,,,,,,,,
,,,,,,,,,,,,,,,,,,,
Gröda:,,,,,,,,,,,,,,,,,,,
Andra ettåriga grödor till grönfoder:,,,,,,,,,,,,,,,,,,,
"Torrsubstanshalt 100 % och vattenhalt 0 %.
Uppgifter från 1965-2017 har beräknats om från 30 % torrsubstanshalt till 100 % torrsubstanshalt på avrundade värden.",,,,,,,,,,,,,,,,,,,
,,,,,,,,,,,,,,,,,,,
Gröda:,,,,,,,,,,,,,,,,,,,
Oljelin:,,,,,,,,,,,,,,,,,,,
Redovisas på riksnivå från 1996 och på länsnivå från 1999.,,,,,,,,,,,,,,,,,,,
,,,,,,,,,,,,,,,,,,,
Gröda:,,,,,,,,,,,,,,,,,,,
Oljelin:,,,,,,,,,,,,,,,,,,,
9 % vattenhalt.,,,,,,,,,,,,,,,,,,,
,,,,,,,,,,,,,,,,,,,
Gröda:,,,,,,,,,,,,,,,,,,,
"Slåttervall, första skörd:",,,,,,,,,,,,,,,,,,,
"Torrsubstanshalt 100 % och vattenhalt 0 %.
Uppgifter från 1965-2017 har beräknats om från 83,5 % torrsubstanshalt till 100 % torrsubstanshalt på avrundade värden.",,,,,,,,,,,,,,,,,,,
,,,,,,,,,,,,,,,,,,,
Gröda:,,,,,,,,,,,,,,,,,,,
"Slåttervall, återväxt:",,,,,,,,,,,,,,,,,,,
"Torrsubstanshalt 100 % och vattenhalt 0 %.
Uppgifter från 1965-2017 har beräknats om från 83,5 % torrsubstanshalt till 100 % torrsubstanshalt på avrundade värden.",,,,,,,,,,,,,,,,,,,
,,,,,,,,,,,,,,,,,,,
Gröda:,,,,,,,,,,,,,,,,,,,
"Slåttervall, total vallskörd:",,,,,,,,,,,,,,,,,,,
"Torrsubstanshalt 100 % och vattenhalt 0 %.
Uppgifter från 1965-2017 har beräknats om från 83,5 % torrsubstanshalt till 100 % torrsubstanshalt på avrundade värden.",,,,,,,,,,,,,,,,,,,
,,,,,,,,,,,,,,,,,,,
Variabel:,,,,,,,,,,,,,,,,,,,
"Areal, hektar:",,,,,,,,,,,,,,,,,,,
"Medelfel redovisas för grödorna Slåttervall, första skörd och Slåttervall, återväxt och Slåttervall, total vallskörd.",,,,,,,,,,,,,,,,,,,
,,,,,,,,,,,,,,,,,,,
Variabel:,,,,,,,,,,,,,,,,,,,
"Areal, hektar:",,,,,,,,,,,,,,,,,,,
"För spannmåls-, trindsäds- och oljeväxtgrödor redovisas arealer avsedda att tröskas. Arealer skördade som grönfoder redovisas i separata tabeller.",,,,,,,,,,,,,,,,,,,
,,,,,,,,,,,,,,,,,,,
,,,,,,,,,,,,,,,,,,,
Senaste uppdatering:,,,,,,,,,,,,,,,,,,,
,,,,,,,,,,,,,,,,,,,
Källa:,,,,,,,,,,,,,,,,,,,
Jordbruksverket,,,,,,,,,,,,,,,,,,,
,,,,,,,,,,,,,,,,,,,
Kontaktperson:,,,,,,,,,,,,,,,,,,,
"Areal, hektar:",,,,,,,,,,,,,,,,,,,
Robert Almqvist,,,,,,,,,,,,,,,,,,,
SCB,,,,,,,,,,,,,,,,,,,
Telefon: 010-479 40 78,,,,,,,,,,,,,,,,,,,
E-post: lantbruksstatistik@scb.se,,,,,,,,,,,,,,,,,,,
,,,,,,,,,,,,,,,,,,,
,,,,,,,,,,,,,,,,,,,
Ann-Marie Karlsson,,,,,,,,,,,,,,,,,,,
Jordbruksverket,,,,,,,,,,,,,,,,,,,
Telefon: 036-15 59 33,,,,,,,,,,,,,,,,,,,
E-post: statistik@jordbruksverket.se,,,,,,,,,,,,,,,,,,,
,,,,,,,,,,,,,,,,,,,
,,,,,,,,,,,,,,,,,,,
Sort:,,,,,,,,,,,,,,,,,,,
"Areal, hektar:",,,,,,,,,,,,,,,,,,,
"Hektar, Procent",,,,,,,,,,,,,,,,,,,
,,,,,,,,,,,,,,,,,,,
,,,,,,,,,,,,,,,,,,,
,,,,,,,,,,,,,,,,,,,
,,,,,,,,,,,,,,,,,,,
,,,,,,,,,,,,,,,,,,,
,,,,,,,,,,,,,,,,,,,
,,,,,,,,,,,,,,,,,,,
,,,,,,,,,,,,,,,,,,,
Intern referenskod:,,,,,,,,,,,,,,,,,,,
JO0601J01,,,,,,,,,,,,,,,,,,,
